CountyCode,"Crude rates per 10,000",Lower 95% Limit,Upper 95% Limit,Patient_count,Year,Age group
6000,102.5,101.3,103.7,"26,225",2014,ages (0-4)
6001,148.8,141.4,156.6,"1,487",2014,ages (0-4)
6003,0,0,0,0,2014,ages (0-4)
6005,0,0,0,0,2014,ages (0-4)
6007,102,84.4,122.3,117,2014,ages (0-4)
6009,112.6,67.8,175.8,19,2014,ages (0-4)
6011,94.7,53,156.2,15,2014,ages (0-4)
6013,127.5,118.8,136.6,800,2014,ages (0-4)
6015,86.4,46,147.8,13,2014,ages (0-4)
6017,58.3,43.1,77,49,2014,ages (0-4)
6019,215.7,205.7,226.2,"1,723",2014,ages (0-4)
6021,73.8,41.3,121.6,15,2014,ages (0-4)
6023,76.5,57.1,100.3,52,2014,ages (0-4)
6025,111.3,95.2,129.3,171,2014,ages (0-4)
6027,168.8,96.5,274.1,16,2014,ages (0-4)
6029,117.9,110.2,126,865,2014,ages (0-4)
6031,164.8,142.8,189.3,201,2014,ages (0-4)
6033,119.4,85.7,161.9,41,2014,ages (0-4)
6035,0,0,0,0,2014,ages (0-4)
6037,105.4,103,107.9,"7,067",2014,ages (0-4)
6039,222.1,196.1,250.6,264,2014,ages (0-4)
6041,58.1,45.5,73,73,2014,ages (0-4)
6043,0,0,0,0,2014,ages (0-4)
6045,94.1,69.3,124.7,48,2014,ages (0-4)
6047,190.4,172.2,210,400,2014,ages (0-4)
6049,0,0,0,0,2014,ages (0-4)
6051,0,0,0,0,2014,ages (0-4)
6053,104.5,93.8,116,350,2014,ages (0-4)
6055,86.4,67.4,109.2,70,2014,ages (0-4)
6057,51.7,32,79,21,2014,ages (0-4)
6059,78.2,74.3,82.2,"1,547",2014,ages (0-4)
6061,48.1,39,58.8,96,2014,ages (0-4)
6063,0,0,0,0,2014,ages (0-4)
6065,72.8,68.6,77.1,"1,147",2014,ages (0-4)
6067,118.7,112,125.7,"1,182",2014,ages (0-4)
6069,61,39.1,90.8,24,2014,ages (0-4)
6071,109.1,104,114.4,"1,703",2014,ages (0-4)
6073,92.7,88.6,96.9,"1,975",2014,ages (0-4)
6075,85.7,77.2,94.8,374,2014,ages (0-4)
6077,118.9,109.7,128.6,626,2014,ages (0-4)
6079,72.9,59,89.1,95,2014,ages (0-4)
6081,73.3,65.8,81.4,346,2014,ages (0-4)
6083,75.8,66,86.8,212,2014,ages (0-4)
6085,54.4,50.4,58.7,676,2014,ages (0-4)
6087,97.2,82.5,113.7,156,2014,ages (0-4)
6089,97,79.1,117.8,102,2014,ages (0-4)
6091,0,0,0,0,2014,ages (0-4)
6093,0,0,0,0,2014,ages (0-4)
6095,136.1,122.1,151.2,345,2014,ages (0-4)
6097,74.9,65,85.8,206,2014,ages (0-4)
6099,105.5,95.6,116.2,411,2014,ages (0-4)
6101,55.7,39.4,76.5,38,2014,ages (0-4)
6103,134,99.7,176.1,51,2014,ages (0-4)
6105,0,0,0,0,2014,ages (0-4)
6107,103.9,94.2,114.3,421,2014,ages (0-4)
6109,81.9,48.5,129.4,18,2014,ages (0-4)
6111,75.5,68.4,83,420,2014,ages (0-4)
6113,78,62.8,95.8,91,2014,ages (0-4)
6115,64.1,45.4,88,38,2014,ages (0-4)
6000,72,71.4,72.7,"47,516",2014,ages (5-17)
6001,84.5,80.9,88.2,"2,100",2014,ages (5-17)
6003,0,0,0,0,2014,ages (5-17)
6005,78.7,54.9,109.5,35,2014,ages (5-17)
6007,53.6,46.1,62,181,2014,ages (5-17)
6009,75.6,55.3,100.8,46,2014,ages (5-17)
6011,53.2,34.1,79.2,24,2014,ages (5-17)
6013,82.9,78.8,87.1,"1,567",2014,ages (5-17)
6015,77.5,53,109.5,32,2014,ages (5-17)
6017,51.6,43.7,60.6,151,2014,ages (5-17)
6019,131.9,126.9,137,"2,636",2014,ages (5-17)
6021,47.4,31,69.5,26,2014,ages (5-17)
6023,57.9,47.6,69.8,110,2014,ages (5-17)
6025,161.8,149.1,175.3,600,2014,ages (5-17)
6027,68.8,40.8,108.7,18,2014,ages (5-17)
6029,91.8,87.5,96.3,"1,682",2014,ages (5-17)
6031,132,119.1,145.8,386,2014,ages (5-17)
6033,77.7,60.8,97.9,72,2014,ages (5-17)
6035,66,43.5,96,27,2014,ages (5-17)
6037,82.8,81.4,84.2,"13,671",2014,ages (5-17)
6039,108.7,97.4,120.9,338,2014,ages (5-17)
6041,37.9,32,44.6,146,2014,ages (5-17)
6043,0,0,0,0,2014,ages (5-17)
6045,66.7,53.7,81.8,91,2014,ages (5-17)
6047,110.9,102.5,119.8,646,2014,ages (5-17)
6049,98.5,53.8,165.2,14,2014,ages (5-17)
6051,0,0,0,0,2014,ages (5-17)
6053,72.3,66.5,78.4,575,2014,ages (5-17)
6055,54.8,45.6,65.3,125,2014,ages (5-17)
6057,34.2,25,45.8,45,2014,ages (5-17)
6059,47.7,45.9,49.6,"2,491",2014,ages (5-17)
6061,36.7,32.2,41.8,234,2014,ages (5-17)
6063,66.5,38,107.9,16,2014,ages (5-17)
6065,61.8,59.6,64.2,"2,792",2014,ages (5-17)
6067,79,75.6,82.5,"2,048",2014,ages (5-17)
6069,82.2,66.3,100.7,93,2014,ages (5-17)
6071,82.5,79.8,85.3,"3,461",2014,ages (5-17)
6073,50.3,48.4,52.3,"2,582",2014,ages (5-17)
6075,61,55.7,66.7,486,2014,ages (5-17)
6077,80,75.5,84.8,"1,154",2014,ages (5-17)
6079,47.5,40.7,55.1,175,2014,ages (5-17)
6081,44.3,40.6,48.3,517,2014,ages (5-17)
6083,65.7,59.8,72,460,2014,ages (5-17)
6085,36.8,34.7,39,"1,171",2014,ages (5-17)
6087,54.8,47.8,62.6,219,2014,ages (5-17)
6089,74,64.2,84.7,207,2014,ages (5-17)
6091,0,0,0,0,2014,ages (5-17)
6093,54.2,37.7,75.3,35,2014,ages (5-17)
6095,104.3,96.9,112.1,744,2014,ages (5-17)
6097,47.4,42.7,52.5,364,2014,ages (5-17)
6099,90.2,84.5,96.1,948,2014,ages (5-17)
6101,47,37.6,57.9,87,2014,ages (5-17)
6103,54.8,42,70.3,62,2014,ages (5-17)
6105,0,0,0,0,2014,ages (5-17)
6107,67.7,62.7,72.8,703,2014,ages (5-17)
6109,74.4,55.2,98.1,50,2014,ages (5-17)
6111,55.1,51.4,59,822,2014,ages (5-17)
6113,55.8,47.9,64.7,177,2014,ages (5-17)
6115,32.1,23.6,42.7,47,2014,ages (5-17)
6000,39.9,39.5,40.3,"38,153",2014,ages (18-34)
6001,47.7,45.5,50,"1,806",2014,ages (18-34)
6003,0,0,0,0,2014,ages (18-34)
6005,42.1,27,62.7,24,2014,ages (18-34)
6007,46.5,41.2,52.2,281,2014,ages (18-34)
6009,64.1,46.5,86,44,2014,ages (18-34)
6011,44.1,27.7,66.8,22,2014,ages (18-34)
6013,56,53,59.1,"1,303",2014,ages (18-34)
6015,46.8,31.6,66.8,30,2014,ages (18-34)
6017,36.4,30.3,43.4,124,2014,ages (18-34)
6019,45.6,43,48.4,"1,153",2014,ages (18-34)
6021,53,36.5,74.5,33,2014,ages (18-34)
6023,85.9,76.4,96.2,298,2014,ages (18-34)
6025,52.5,46.2,59.4,251,2014,ages (18-34)
6027,53.5,31.7,84.5,18,2014,ages (18-34)
6029,52.9,50,56,"1,216",2014,ages (18-34)
6031,52.8,46.1,60,229,2014,ages (18-34)
6033,84.7,69,102.9,101,2014,ages (18-34)
6035,26.3,17.2,38.5,26,2014,ages (18-34)
6037,41.1,40.3,41.9,"10,614",2014,ages (18-34)
6039,33.8,28.3,40.1,132,2014,ages (18-34)
6041,22.1,17.9,27.1,94,2014,ages (18-34)
6043,47.4,25.2,81,13,2014,ages (18-34)
6045,74.5,62.4,88.4,132,2014,ages (18-34)
6047,61,55.5,67,443,2014,ages (18-34)
6049,120.9,71.7,191.1,18,2014,ages (18-34)
6051,0,0,0,0,2014,ages (18-34)
6053,44.1,40.3,48.1,494,2014,ages (18-34)
6055,47.4,40,55.7,145,2014,ages (18-34)
6057,54,43.3,66.4,89,2014,ages (18-34)
6059,23.1,22.1,24.2,"1,754",2014,ages (18-34)
6061,31.4,27.6,35.7,237,2014,ages (18-34)
6063,0,0,0,0,2014,ages (18-34)
6065,36.1,34.5,37.7,"2,021",2014,ages (18-34)
6067,69,66.3,71.8,"2,475",2014,ages (18-34)
6069,51.9,40.2,65.9,67,2014,ages (18-34)
6071,50.7,48.8,52.6,"2,745",2014,ages (18-34)
6073,24.4,23.3,25.4,"2,074",2014,ages (18-34)
6075,23.8,21.9,25.9,566,2014,ages (18-34)
6077,57.3,53.8,60.9,"1,001",2014,ages (18-34)
6079,29.3,25.5,33.6,212,2014,ages (18-34)
6081,31,28.3,33.9,491,2014,ages (18-34)
6083,28.2,25.3,31.3,350,2014,ages (18-34)
6085,26.3,24.7,27.8,"1,118",2014,ages (18-34)
6087,24.6,21.1,28.4,178,2014,ages (18-34)
6089,76.4,67.8,85.9,282,2014,ages (18-34)
6091,0,0,0,0,2014,ages (18-34)
6093,58.7,42.6,78.8,44,2014,ages (18-34)
6095,74.3,69,80,725,2014,ages (18-34)
6097,35.1,31.7,38.7,391,2014,ages (18-34)
6099,57.5,53.5,61.7,764,2014,ages (18-34)
6101,34.5,27.3,43.1,78,2014,ages (18-34)
6103,50,38.6,63.8,65,2014,ages (18-34)
6105,98.4,60.1,151.9,20,2014,ages (18-34)
6107,39.8,36.2,43.5,470,2014,ages (18-34)
6109,48.6,36,64.3,49,2014,ages (18-34)
6111,27,24.7,29.4,535,2014,ages (18-34)
6113,28.1,24.2,32.4,189,2014,ages (18-34)
6115,54.9,44.6,66.8,99,2014,ages (18-34)
6000,38.5,38.2,38.9,"57,281",2014,ages (35-64)
6001,54.5,52.7,56.3,"3,505",2014,ages (35-64)
6003,0,0,0,0,2014,ages (35-64)
6005,68.3,56.2,82.3,111,2014,ages (35-64)
6007,41.1,36.8,45.8,329,2014,ages (35-64)
6009,32.2,24.7,41.2,62,2014,ages (35-64)
6011,30.9,20,45.7,25,2014,ages (35-64)
6013,54.1,51.9,56.3,"2,413",2014,ages (35-64)
6015,38.4,28.1,51.2,46,2014,ages (35-64)
6017,28.8,25.2,32.8,227,2014,ages (35-64)
6019,48.3,45.9,50.7,"1,607",2014,ages (35-64)
6021,27.1,18.1,38.9,29,2014,ages (35-64)
6023,64.4,57.8,71.6,345,2014,ages (35-64)
6025,52.6,47.1,58.5,341,2014,ages (35-64)
6027,47.4,33.4,65.4,37,2014,ages (35-64)
6029,47.3,44.9,49.8,"1,469",2014,ages (35-64)
6031,61.8,55.4,68.7,345,2014,ages (35-64)
6033,72.8,63,83.7,198,2014,ages (35-64)
6035,20.1,13.5,28.9,29,2014,ages (35-64)
6037,38.1,37.5,38.7,"14,929",2014,ages (35-64)
6039,32.7,28.2,37.8,184,2014,ages (35-64)
6041,18.9,16.4,21.6,213,2014,ages (35-64)
6043,24.2,14.6,37.9,19,2014,ages (35-64)
6045,42.6,36.2,49.9,154,2014,ages (35-64)
6047,74.2,68.7,80.1,661,2014,ages (35-64)
6049,61.4,39.4,91.4,24,2014,ages (35-64)
6051,46.5,30.9,67.2,28,2014,ages (35-64)
6053,34.6,31.8,37.7,533,2014,ages (35-64)
6055,37.7,32.8,43.2,209,2014,ages (35-64)
6057,39.9,34.1,46.4,168,2014,ages (35-64)
6059,23,22.2,23.9,"2,846",2014,ages (35-64)
6061,23.7,21.3,26.4,348,2014,ages (35-64)
6063,31.9,21,46.4,27,2014,ages (35-64)
6065,34.7,33.5,36,"2,933",2014,ages (35-64)
6067,61.7,59.6,63.8,"3,471",2014,ages (35-64)
6069,44.5,36.2,54.1,101,2014,ages (35-64)
6071,49.5,48,51.1,"3,846",2014,ages (35-64)
6073,29.1,28.1,30,"3,549",2014,ages (35-64)
6075,35.1,33.2,37.1,"1,223",2014,ages (35-64)
6077,53.8,51,56.7,"1,402",2014,ages (35-64)
6079,27.1,24.1,30.5,282,2014,ages (35-64)
6081,28.7,26.9,30.6,902,2014,ages (35-64)
6083,27.1,24.5,29.8,411,2014,ages (35-64)
6085,25.8,24.7,26.9,"1,973",2014,ages (35-64)
6087,27.8,24.7,31.2,294,2014,ages (35-64)
6089,58.7,53.2,64.7,414,2014,ages (35-64)
6091,0,0,0,0,2014,ages (35-64)
6093,41.5,32.7,51.9,76,2014,ages (35-64)
6095,69.2,65.3,73.2,"1,177",2014,ages (35-64)
6097,32.2,29.7,34.8,638,2014,ages (35-64)
6099,52.4,49.2,55.7,"1,015",2014,ages (35-64)
6101,36,30,42.7,129,2014,ages (35-64)
6103,44.7,36.7,53.8,110,2014,ages (35-64)
6105,61.9,43.6,85.3,37,2014,ages (35-64)
6107,39.5,36.4,42.8,608,2014,ages (35-64)
6109,38.9,31.2,48,88,2014,ages (35-64)
6111,23.3,21.7,25,772,2014,ages (35-64)
6113,35.3,31.1,39.8,258,2014,ages (35-64)
6115,38.8,31.8,47,106,2014,ages (35-64)
6000,35.6,35.1,36.1,"17,365",2014,Above 65
6001,51.4,48.3,54.7,"1,011",2014,Above 65
6003,0,0,0,0,2014,Above 65
6005,51.2,37.5,68.3,46,2014,Above 65
6007,18.6,14.5,23.6,70,2014,Above 65
6009,31,21.5,43.4,34,2014,Above 65
6011,0,0,0,0,2014,Above 65
6013,45.6,42.3,49.1,701,2014,Above 65
6015,0,0,0,0,2014,Above 65
6017,16.1,11.9,21.1,51,2014,Above 65
6019,47.9,43.9,52.2,514,2014,Above 65
6021,0,0,0,0,2014,Above 65
6023,47.2,38.4,57.4,100,2014,Above 65
6025,70.7,59.9,82.9,152,2014,Above 65
6027,0,0,0,0,2014,Above 65
6029,42.5,38.4,47,383,2014,Above 65
6031,55.4,43.7,69.2,77,2014,Above 65
6033,51.8,40.1,65.8,67,2014,Above 65
6035,0,0,0,0,2014,Above 65
6037,37.9,36.8,39,"4,571",2014,Above 65
6039,31.9,24.4,40.9,62,2014,Above 65
6041,24.2,20,29,117,2014,Above 65
6043,44.1,26.6,68.9,19,2014,Above 65
6045,22.6,15.9,31.2,37,2014,Above 65
6047,64.3,55.3,74.5,179,2014,Above 65
6049,0,0,0,0,2014,Above 65
6051,0,0,0,0,2014,Above 65
6053,28.4,23.9,33.5,143,2014,Above 65
6055,42.4,34.4,51.6,98,2014,Above 65
6057,20.2,14.7,27,45,2014,Above 65
6059,28,26.4,29.7,"1,129",2014,Above 65
6061,26.7,22.8,31.1,164,2014,Above 65
6063,0,0,0,0,2014,Above 65
6065,24.2,22.4,26,708,2014,Above 65
6067,44.2,41.2,47.4,811,2014,Above 65
6069,35,21.9,53,22,2014,Above 65
6071,40.4,37.7,43.1,881,2014,Above 65
6073,27.7,26.1,29.4,"1,106",2014,Above 65
6075,36.8,33.5,40.4,444,2014,Above 65
6077,48.8,44.1,53.8,405,2014,Above 65
6079,22.9,18.7,27.6,106,2014,Above 65
6081,35.9,32.4,39.6,391,2014,Above 65
6083,23.5,19.7,27.7,138,2014,Above 65
6085,31.1,28.9,33.5,705,2014,Above 65
6087,21.9,17.4,27.4,78,2014,Above 65
6089,26.3,21.2,32.3,90,2014,Above 65
6091,0,0,0,0,2014,Above 65
6093,26,17,38.1,26,2014,Above 65
6095,58.2,52.1,64.8,330,2014,Above 65
6097,37.2,33.1,41.7,296,2014,Above 65
6099,44.5,39.5,50,283,2014,Above 65
6101,29.6,21.1,40.3,40,2014,Above 65
6103,33.4,23.6,45.8,38,2014,Above 65
6105,0,0,0,0,2014,Above 65
6107,35.2,30.1,40.9,171,2014,Above 65
6109,29.7,20.9,40.9,37,2014,Above 65
6111,27.4,24.4,30.6,306,2014,Above 65
6113,41.9,34,51,98,2014,Above 65
6115,38.6,26.6,54.2,33,2014,Above 65
6000,98.1,96.9,99.3,"25,521",2015,ages (0-4)
6001,133.3,126.3,140.6,"1,353",2015,ages (0-4)
6003,0,0,0,0,2015,ages (0-4)
6005,128.6,74.9,205.9,17,2015,ages (0-4)
6007,88,71.6,107.2,99,2015,ages (0-4)
6009,107.2,63.5,169.4,18,2015,ages (0-4)
6011,87.9,48,147.5,14,2015,ages (0-4)
6013,124.9,116.3,133.9,790,2015,ages (0-4)
6015,0,0,0,0,2015,ages (0-4)
6017,55.5,41,73.6,48,2015,ages (0-4)
6019,219.9,209.8,230.3,"1,791",2015,ages (0-4)
6021,99.2,60.6,153.2,20,2015,ages (0-4)
6023,65.5,47.4,88.2,43,2015,ages (0-4)
6025,99.7,84.9,116.4,161,2015,ages (0-4)
6027,140.7,74.9,240.6,13,2015,ages (0-4)
6029,116.6,109,124.5,877,2015,ages (0-4)
6031,170.1,147.8,194.7,210,2015,ages (0-4)
6033,87.8,59.2,125.3,30,2015,ages (0-4)
6035,0,0,0,0,2015,ages (0-4)
6037,97.7,95.3,100,"6,683",2015,ages (0-4)
6039,198.2,174,224.9,241,2015,ages (0-4)
6041,48.5,37.1,62.3,61,2015,ages (0-4)
6043,0,0,0,0,2015,ages (0-4)
6045,79.4,56.7,108.1,40,2015,ages (0-4)
6047,175.8,158.4,194.6,373,2015,ages (0-4)
6049,0,0,0,0,2015,ages (0-4)
6051,0,0,0,0,2015,ages (0-4)
6053,99,88.7,110.1,336,2015,ages (0-4)
6055,64.3,48.2,84.1,53,2015,ages (0-4)
6057,73.4,49.5,104.8,30,2015,ages (0-4)
6059,82.2,78.3,86.2,"1,663",2015,ages (0-4)
6061,44.6,35.9,54.8,90,2015,ages (0-4)
6063,0,0,0,0,2015,ages (0-4)
6065,70.7,66.6,74.9,"1,142",2015,ages (0-4)
6067,114.3,107.8,121.1,"1,150",2015,ages (0-4)
6069,68.1,44.9,99.1,27,2015,ages (0-4)
6071,95.8,91.1,100.8,"1,523",2015,ages (0-4)
6073,86.3,82.4,90.3,"1,863",2015,ages (0-4)
6075,87.3,79,96.4,396,2015,ages (0-4)
6077,115.2,106.3,124.7,615,2015,ages (0-4)
6079,66.7,53.4,82.3,87,2015,ages (0-4)
6081,70,62.6,77.9,330,2015,ages (0-4)
6083,76.6,66.7,87.5,216,2015,ages (0-4)
6085,54.8,50.8,59.1,689,2015,ages (0-4)
6087,84.9,71.4,100.2,140,2015,ages (0-4)
6089,103.5,85.1,124.8,110,2015,ages (0-4)
6091,0,0,0,0,2015,ages (0-4)
6093,75.2,43,122.2,16,2015,ages (0-4)
6095,142.3,128.1,157.8,364,2015,ages (0-4)
6097,77.9,67.8,89,215,2015,ages (0-4)
6099,92,82.8,101.9,363,2015,ages (0-4)
6101,47.7,32.8,67,33,2015,ages (0-4)
6103,104.8,74.5,143.2,39,2015,ages (0-4)
6105,0,0,0,0,2015,ages (0-4)
6107,123,112.5,134.2,507,2015,ages (0-4)
6109,55.2,28.5,96.4,12,2015,ages (0-4)
6111,77.7,70.6,85.3,440,2015,ages (0-4)
6113,90,73.6,109,105,2015,ages (0-4)
6115,83.3,61.8,109.8,50,2015,ages (0-4)
6000,73.6,72.9,74.2,"48,417",2015,ages (5-17)
6001,83.3,79.7,86.9,"2,073",2015,ages (5-17)
6003,0,0,0,0,2015,ages (5-17)
6005,63.7,42.3,92.1,28,2015,ages (5-17)
6007,61.4,53.3,70.3,208,2015,ages (5-17)
6009,47.2,31.4,68.2,28,2015,ages (5-17)
6011,74.8,51.8,104.5,34,2015,ages (5-17)
6013,82.2,78.2,86.5,"1,539",2015,ages (5-17)
6015,92.4,65.4,126.8,38,2015,ages (5-17)
6017,42.6,35.4,50.9,122,2015,ages (5-17)
6019,133,128,138.1,"2,691",2015,ages (5-17)
6021,34.7,20.9,54.1,19,2015,ages (5-17)
6023,57.3,47.1,69.2,109,2015,ages (5-17)
6025,152.6,140.3,165.6,574,2015,ages (5-17)
6027,77.2,47.2,119.3,20,2015,ages (5-17)
6029,89.8,85.6,94.2,"1,684",2015,ages (5-17)
6031,135.9,123,149.9,402,2015,ages (5-17)
6033,92.4,73.8,114.3,85,2015,ages (5-17)
6035,63.7,41.6,93.4,26,2015,ages (5-17)
6037,84.5,83.1,85.9,"13,827",2015,ages (5-17)
6039,109,97.8,121.2,344,2015,ages (5-17)
6041,27.7,22.7,33.5,106,2015,ages (5-17)
6043,0,0,0,0,2015,ages (5-17)
6045,65.1,52.3,80.1,89,2015,ages (5-17)
6047,125.3,116.4,134.8,733,2015,ages (5-17)
6049,90.7,48.3,155.1,13,2015,ages (5-17)
6051,64.3,35.2,107.9,14,2015,ages (5-17)
6053,79.6,73.5,86,634,2015,ages (5-17)
6055,60.4,50.6,71.4,136,2015,ages (5-17)
6057,37.2,27.4,49.3,48,2015,ages (5-17)
6059,50.5,48.6,52.5,"2,609",2015,ages (5-17)
6061,39.1,34.3,44.3,246,2015,ages (5-17)
6063,62.1,34.8,102.4,15,2015,ages (5-17)
6065,61.4,59.1,63.7,"2,768",2015,ages (5-17)
6067,82.3,78.8,85.8,"2,136",2015,ages (5-17)
6069,78.9,63.3,97.2,88,2015,ages (5-17)
6071,83.7,81,86.5,"3,493",2015,ages (5-17)
6073,53.4,51.4,55.4,"2,744",2015,ages (5-17)
6075,55.8,50.7,61.1,453,2015,ages (5-17)
6077,86.8,82.1,91.8,"1,251",2015,ages (5-17)
6079,63.5,55.7,72.2,234,2015,ages (5-17)
6081,42.1,38.5,46,493,2015,ages (5-17)
6083,66.9,61,73.2,470,2015,ages (5-17)
6085,40.3,38.2,42.6,"1,287",2015,ages (5-17)
6087,50.8,44,58.3,201,2015,ages (5-17)
6089,66.8,57.6,77.2,186,2015,ages (5-17)
6091,0,0,0,0,2015,ages (5-17)
6093,42.2,27.8,61.4,27,2015,ages (5-17)
6095,109.1,101.5,117,772,2015,ages (5-17)
6097,48.1,43.3,53.3,367,2015,ages (5-17)
6099,83,77.6,88.7,871,2015,ages (5-17)
6101,47.4,38,58.4,88,2015,ages (5-17)
6103,77.8,62.4,95.8,88,2015,ages (5-17)
6105,0,0,0,0,2015,ages (5-17)
6107,72.1,67,77.4,756,2015,ages (5-17)
6109,63.4,45.7,85.6,42,2015,ages (5-17)
6111,56,52.3,60,827,2015,ages (5-17)
6113,59.1,51,68.3,186,2015,ages (5-17)
6115,54.4,43.1,67.7,80,2015,ages (5-17)
6000,42.9,42.5,43.3,"41,065",2015,ages (18-34)
6001,56.1,53.8,58.6,"2,105",2015,ages (18-34)
6003,0,0,0,0,2015,ages (18-34)
6005,49.5,32.9,71.5,28,2015,ages (18-34)
6007,47,41.6,52.8,284,2015,ages (18-34)
6009,55.8,39.7,76.3,39,2015,ages (18-34)
6011,49.4,32,73,25,2015,ages (18-34)
6013,61.8,58.7,65.1,"1,453",2015,ages (18-34)
6015,50.4,34.5,71.1,32,2015,ages (18-34)
6017,40.5,34.2,47.8,142,2015,ages (18-34)
6019,48,45.3,50.7,"1,227",2015,ages (18-34)
6021,35,21.9,53,22,2015,ages (18-34)
6023,74.4,65.6,84.2,254,2015,ages (18-34)
6025,46,40.2,52.3,228,2015,ages (18-34)
6027,50.4,29.4,80.7,17,2015,ages (18-34)
6029,55.8,52.9,58.9,"1,315",2015,ages (18-34)
6031,56.2,49.4,63.7,247,2015,ages (18-34)
6033,87.7,71.7,106.1,105,2015,ages (18-34)
6035,45.4,33.1,60.8,45,2015,ages (18-34)
6037,43.9,43.1,44.7,"11,290",2015,ages (18-34)
6039,38.3,32.5,44.9,153,2015,ages (18-34)
6041,20.4,16.3,25.1,87,2015,ages (18-34)
6043,68.6,41.3,107.2,19,2015,ages (18-34)
6045,80.1,67.4,94.5,141,2015,ages (18-34)
6047,66.9,61.1,73.1,494,2015,ages (18-34)
6049,81.9,42.3,143.1,12,2015,ages (18-34)
6051,48.6,28.8,76.8,18,2015,ages (18-34)
6053,44.4,40.5,48.5,497,2015,ages (18-34)
6055,32.8,26.7,39.8,101,2015,ages (18-34)
6057,56.3,45.4,69,93,2015,ages (18-34)
6059,26.1,24.9,27.3,"1,988",2015,ages (18-34)
6061,28.1,24.5,32.1,217,2015,ages (18-34)
6063,48.1,26.9,79.3,15,2015,ages (18-34)
6065,40.6,39,42.3,"2,329",2015,ages (18-34)
6067,67.7,65,70.5,"2,424",2015,ages (18-34)
6069,45.6,34.7,58.8,59,2015,ages (18-34)
6071,55.1,53.1,57.1,"3,021",2015,ages (18-34)
6073,27.9,26.7,29,"2,357",2015,ages (18-34)
6075,25.2,23.2,27.4,591,2015,ages (18-34)
6077,59.6,56,63.3,"1,058",2015,ages (18-34)
6079,29.6,25.7,33.8,213,2015,ages (18-34)
6081,34.5,31.6,37.5,541,2015,ages (18-34)
6083,35.8,32.5,39.3,444,2015,ages (18-34)
6085,32.2,30.5,33.9,"1,362",2015,ages (18-34)
6087,23.2,19.8,27,167,2015,ages (18-34)
6089,71.6,63.2,80.8,264,2015,ages (18-34)
6091,0,0,0,0,2015,ages (18-34)
6093,48.4,33.9,66.9,36,2015,ages (18-34)
6095,81.8,76.2,87.7,799,2015,ages (18-34)
6097,35.2,31.8,38.9,392,2015,ages (18-34)
6099,55.1,51.2,59.2,742,2015,ages (18-34)
6101,32.4,25.5,40.7,74,2015,ages (18-34)
6103,51.4,39.8,65.2,67,2015,ages (18-34)
6105,108.3,67.8,163.9,22,2015,ages (18-34)
6107,39,35.6,42.7,470,2015,ages (18-34)
6109,70.8,55.3,89.4,71,2015,ages (18-34)
6111,30.2,27.8,32.7,602,2015,ages (18-34)
6113,27.6,23.8,31.9,185,2015,ages (18-34)
6115,44.8,35.6,55.7,81,2015,ages (18-34)
6000,35.7,35.2,36.3,"18,059",2015,Above 65
6001,52.8,49.7,56.1,"1,081",2015,Above 65
6003,0,0,0,0,2015,Above 65
6005,41.9,29.8,57.3,39,2015,Above 65
6007,27.1,22.1,32.8,105,2015,Above 65
6009,21.2,13.6,31.5,24,2015,Above 65
6011,0,0,0,0,2015,Above 65
6013,45.8,42.5,49.2,733,2015,Above 65
6015,26.2,13.6,45.9,12,2015,Above 65
6017,18.6,14.3,23.9,62,2015,Above 65
6019,47.1,43.2,51.3,526,2015,Above 65
6021,0,0,0,0,2015,Above 65
6023,41.3,33.3,50.6,92,2015,Above 65
6025,51.3,42.4,61.5,117,2015,Above 65
6027,0,0,0,0,2015,Above 65
6029,36.6,32.9,40.7,347,2015,Above 65
6031,56.8,45.2,70.4,83,2015,Above 65
6033,34.3,25.1,45.7,46,2015,Above 65
6035,42.9,25.4,67.8,18,2015,Above 65
6037,38.3,37.3,39.5,"4,771",2015,Above 65
6039,41,32.7,50.8,84,2015,Above 65
6041,21.2,17.4,25.7,106,2015,Above 65
6043,40.1,23.7,63.3,18,2015,Above 65
6045,30.9,23.2,40.5,53,2015,Above 65
6047,63.4,54.5,73.3,183,2015,Above 65
6049,0,0,0,0,2015,Above 65
6051,0,0,0,0,2015,Above 65
6053,36.5,31.5,42.1,189,2015,Above 65
6055,35.7,28.5,44.1,85,2015,Above 65
6057,18.1,13.1,24.5,42,2015,Above 65
6059,29,27.4,30.7,"1,208",2015,Above 65
6061,27.7,23.7,32.1,176,2015,Above 65
6063,0,0,0,0,2015,Above 65
6065,24.5,22.8,26.4,743,2015,Above 65
6067,42.7,39.8,45.7,813,2015,Above 65
6069,36.6,23.5,54.5,24,2015,Above 65
6071,38.4,35.9,41,880,2015,Above 65
6073,26.5,25,28.1,"1,097",2015,Above 65
6075,34.9,31.7,38.3,434,2015,Above 65
6077,43.2,39,47.9,374,2015,Above 65
6079,19.8,16,24.2,95,2015,Above 65
6081,41.7,38,45.6,468,2015,Above 65
6083,27.7,23.7,32.2,167,2015,Above 65
6085,35.5,33.1,38,833,2015,Above 65
6087,24.9,20.1,30.6,93,2015,Above 65
6089,27.9,22.7,34,99,2015,Above 65
6091,0,0,0,0,2015,Above 65
6093,22.2,14.1,33.3,23,2015,Above 65
6095,59.6,53.5,66.1,354,2015,Above 65
6097,38.4,34.3,42.9,318,2015,Above 65
6099,42.4,37.6,47.6,280,2015,Above 65
6101,29.3,21.1,39.8,41,2015,Above 65
6103,29.8,20.7,41.4,35,2015,Above 65
6105,0,0,0,0,2015,Above 65
6107,32.3,27.5,37.6,163,2015,Above 65
6109,31.2,22.3,42.5,40,2015,Above 65
6111,25.9,23,29,300,2015,Above 65
6113,39.6,32.1,48.3,97,2015,Above 65
6115,41.2,29,56.8,37,2015,Above 65
6000,39,38.7,39.3,"58,418",2015,ages (35-64)
6001,51.2,49.5,53,"3,317",2015,ages (35-64)
6003,0,0,0,0,2015,ages (35-64)
6005,51.4,41,63.8,83,2015,ages (35-64)
6007,43.1,38.7,47.9,347,2015,ages (35-64)
6009,39.8,31.3,49.8,76,2015,ages (35-64)
6011,18.4,10.3,30.3,15,2015,ages (35-64)
6013,52.3,50.2,54.4,"2,339",2015,ages (35-64)
6015,39,28.6,51.8,47,2015,ages (35-64)
6017,27.8,24.2,31.7,218,2015,ages (35-64)
6019,50.3,47.9,52.7,"1,698",2015,ages (35-64)
6021,49.2,36.9,64.4,53,2015,ages (35-64)
6023,62.4,55.8,69.4,334,2015,ages (35-64)
6025,46.1,41.1,51.6,306,2015,ages (35-64)
6027,39.8,27,56.5,31,2015,ages (35-64)
6029,51.1,48.6,53.6,"1,627",2015,ages (35-64)
6031,53.6,47.8,60,304,2015,ages (35-64)
6033,77.8,67.7,89,212,2015,ages (35-64)
6035,36,26.9,47.1,52,2015,ages (35-64)
6037,39.4,38.8,40,"15,544",2015,ages (35-64)
6039,36.1,31.4,41.4,207,2015,ages (35-64)
6041,16.2,14,18.8,181,2015,ages (35-64)
6043,41,28,57.8,32,2015,ages (35-64)
6045,43.3,36.7,50.6,155,2015,ages (35-64)
6047,70.3,64.9,76,637,2015,ages (35-64)
6049,36.1,19.7,60.5,14,2015,ages (35-64)
6051,0,0,0,0,2015,ages (35-64)
6053,34.8,31.9,37.9,536,2015,ages (35-64)
6055,35.1,30.3,40.4,194,2015,ages (35-64)
6057,32.8,27.5,38.8,137,2015,ages (35-64)
6059,22.4,21.6,23.3,"2,792",2015,ages (35-64)
6061,26.7,24.1,29.5,394,2015,ages (35-64)
6063,62.9,47.1,82.3,53,2015,ages (35-64)
6065,36.1,34.8,37.4,"3,113",2015,ages (35-64)
6067,62.9,60.9,65,"3,577",2015,ages (35-64)
6069,37.7,30.2,46.6,86,2015,ages (35-64)
6071,48.7,47.2,50.3,"3,824",2015,ages (35-64)
6073,28.9,27.9,29.9,"3,568",2015,ages (35-64)
6075,36.1,34.1,38.1,"1,262",2015,ages (35-64)
6077,56.4,53.6,59.4,"1,491",2015,ages (35-64)
6079,30.9,27.6,34.4,320,2015,ages (35-64)
6081,27.2,25.4,29.1,856,2015,ages (35-64)
6083,28.4,25.8,31.2,434,2015,ages (35-64)
6085,30.4,29.1,31.6,"2,343",2015,ages (35-64)
6087,28.9,25.8,32.4,304,2015,ages (35-64)
6089,49.5,44.5,55,351,2015,ages (35-64)
6091,0,0,0,0,2015,ages (35-64)
6093,40.7,31.9,51,74,2015,ages (35-64)
6095,65.4,61.6,69.4,"1,118",2015,ages (35-64)
6097,32.2,29.7,34.8,635,2015,ages (35-64)
6099,52.3,49.1,55.6,"1,023",2015,ages (35-64)
6101,27.2,22.1,33.1,99,2015,ages (35-64)
6103,37.1,29.9,45.6,92,2015,ages (35-64)
6105,50.5,34.1,72.1,30,2015,ages (35-64)
6107,41.2,38.1,44.5,645,2015,ages (35-64)
6109,41,33,50.3,92,2015,ages (35-64)
6111,22.8,21.2,24.5,758,2015,ages (35-64)
6113,37.4,33.1,42,278,2015,ages (35-64)
6115,34.8,28.2,42.4,97,2015,ages (35-64)
6000,94.5,93.3,95.7,"23,507",2016,ages (0-4)
6001,136.8,129.6,144.4,"1,328",2016,ages (0-4)
6003,0,0,0,0,2016,ages (0-4)
6005,92.5,49.3,158.2,13,2016,ages (0-4)
6007,49.3,37.6,63.5,60,2016,ages (0-4)
6009,0,0,0,0,2016,ages (0-4)
6011,0,0,0,0,2016,ages (0-4)
6013,118.5,110.1,127.3,740,2016,ages (0-4)
6015,120,72.3,187.4,19,2016,ages (0-4)
6017,53.7,38.7,72.6,42,2016,ages (0-4)
6019,206.5,196.6,216.8,"1,620",2016,ages (0-4)
6021,66.6,35.5,113.9,13,2016,ages (0-4)
6023,76.2,57.7,98.7,57,2016,ages (0-4)
6025,106.6,91.5,123.5,177,2016,ages (0-4)
6027,170.2,104,262.9,20,2016,ages (0-4)
6029,100.2,92.9,107.9,702,2016,ages (0-4)
6031,156.8,135.1,181,186,2016,ages (0-4)
6033,98.4,69.3,135.6,37,2016,ages (0-4)
6035,0,0,0,0,2016,ages (0-4)
6037,103,100.5,105.5,"6,537",2016,ages (0-4)
6039,195.7,170.9,223.2,223,2016,ages (0-4)
6041,46.7,35.2,60.8,55,2016,ages (0-4)
6043,0,0,0,0,2016,ages (0-4)
6045,84.4,61.3,113.3,44,2016,ages (0-4)
6047,157.9,141.4,175.9,330,2016,ages (0-4)
6049,0,0,0,0,2016,ages (0-4)
6051,0,0,0,0,2016,ages (0-4)
6053,78.4,69,88.7,251,2016,ages (0-4)
6055,68.1,50.6,89.8,50,2016,ages (0-4)
6057,44.5,26.4,70.4,18,2016,ages (0-4)
6059,75.8,72,79.8,"1,448",2016,ages (0-4)
6061,53.2,43.2,64.8,98,2016,ages (0-4)
6063,0,0,0,0,2016,ages (0-4)
6065,74.2,70,78.7,"1,131",2016,ages (0-4)
6067,99.3,93.2,105.8,972,2016,ages (0-4)
6069,71.4,46.6,104.6,26,2016,ages (0-4)
6071,93,88.2,97.9,"1,417",2016,ages (0-4)
6073,75.3,71.7,79,"1,676",2016,ages (0-4)
6075,110,100.4,120.3,481,2016,ages (0-4)
6077,97.8,89.4,106.8,498,2016,ages (0-4)
6079,62,49.2,77,81,2016,ages (0-4)
6081,76.9,68.9,85.6,334,2016,ages (0-4)
6083,74.8,65.2,85.5,215,2016,ages (0-4)
6085,47.8,44,51.8,580,2016,ages (0-4)
6087,72.5,59.9,87,115,2016,ages (0-4)
6089,86.6,69.3,107,86,2016,ages (0-4)
6091,0,0,0,0,2016,ages (0-4)
6093,0,0,0,0,2016,ages (0-4)
6095,123.1,110,137.3,321,2016,ages (0-4)
6097,68.6,58.7,79.6,173,2016,ages (0-4)
6099,79.8,71.1,89.2,306,2016,ages (0-4)
6101,65.8,47.6,88.7,43,2016,ages (0-4)
6103,69.3,46.8,98.9,30,2016,ages (0-4)
6105,0,0,0,0,2016,ages (0-4)
6107,92.7,83.2,102.8,354,2016,ages (0-4)
6109,70,40,113.7,16,2016,ages (0-4)
6111,77,69.6,85,397,2016,ages (0-4)
6113,78.8,63.9,96,98,2016,ages (0-4)
6115,62.2,43.8,85.7,37,2016,ages (0-4)
6000,68,67.4,68.6,"45,621",2016,ages (5-17)
6001,84.5,81,88.2,"2,100",2016,ages (5-17)
6003,0,0,0,0,2016,ages (5-17)
6005,101.4,73.4,136.6,43,2016,ages (5-17)
6007,49,41.8,57.1,164,2016,ages (5-17)
6009,62.3,43.4,86.7,35,2016,ages (5-17)
6011,41.2,24.8,64.4,19,2016,ages (5-17)
6013,76.2,72.3,80.3,"1,442",2016,ages (5-17)
6015,122.6,91.6,160.8,52,2016,ages (5-17)
6017,39.2,32.3,47.1,113,2016,ages (5-17)
6019,121,116.2,125.9,"2,438",2016,ages (5-17)
6021,44.8,29,66.2,25,2016,ages (5-17)
6023,51,41.6,61.8,103,2016,ages (5-17)
6025,143,131.2,155.6,540,2016,ages (5-17)
6027,70.6,42.5,110.2,19,2016,ages (5-17)
6029,82.1,78.1,86.4,"1,517",2016,ages (5-17)
6031,96.2,86,107.3,323,2016,ages (5-17)
6033,72.7,56.8,91.7,71,2016,ages (5-17)
6035,63.1,40.4,93.8,24,2016,ages (5-17)
6037,82.6,81.3,84,"13,799",2016,ages (5-17)
6039,119.4,107.5,132.2,370,2016,ages (5-17)
6041,27.2,22.4,32.7,111,2016,ages (5-17)
6043,75.7,43.3,122.9,16,2016,ages (5-17)
6045,59.8,47.6,74.1,83,2016,ages (5-17)
6047,119.8,111.1,128.9,705,2016,ages (5-17)
6049,0,0,0,0,2016,ages (5-17)
6051,0,0,0,0,2016,ages (5-17)
6053,61.5,56.3,67.1,505,2016,ages (5-17)
6055,43.6,35.4,53.1,98,2016,ages (5-17)
6057,33.9,24.4,45.8,42,2016,ages (5-17)
6059,45.1,43.4,47,"2,417",2016,ages (5-17)
6061,31.7,27.4,36.6,189,2016,ages (5-17)
6063,75,44.5,118.6,18,2016,ages (5-17)
6065,62.9,60.6,65.3,"2,809",2016,ages (5-17)
6067,70.2,67,73.4,"1,849",2016,ages (5-17)
6069,86,69.5,105.3,94,2016,ages (5-17)
6071,76,73.4,78.7,"3,244",2016,ages (5-17)
6073,43.2,41.5,44.9,"2,406",2016,ages (5-17)
6075,55.4,50.3,60.7,447,2016,ages (5-17)
6077,73,68.7,77.4,"1,082",2016,ages (5-17)
6079,50.7,43.7,58.5,187,2016,ages (5-17)
6081,37.6,34.2,41.3,445,2016,ages (5-17)
6083,65.2,59.4,71.3,469,2016,ages (5-17)
6085,33.9,31.9,36,"1,090",2016,ages (5-17)
6087,51.5,44.9,58.9,217,2016,ages (5-17)
6089,60.6,51.8,70.5,168,2016,ages (5-17)
6091,0,0,0,0,2016,ages (5-17)
6093,31.4,19.1,48.4,20,2016,ages (5-17)
6095,101.3,94.2,108.8,753,2016,ages (5-17)
6097,49,44,54.3,361,2016,ages (5-17)
6099,70.7,65.7,75.9,754,2016,ages (5-17)
6101,43.5,34.5,54,81,2016,ages (5-17)
6103,73.8,58.7,91.7,82,2016,ages (5-17)
6105,0,0,0,0,2016,ages (5-17)
6107,57,52.5,61.7,605,2016,ages (5-17)
6109,55.8,39.1,77.3,36,2016,ages (5-17)
6111,51.7,48.1,55.5,764,2016,ages (5-17)
6113,52.3,45.1,60.4,188,2016,ages (5-17)
6115,37.3,28.3,48.2,58,2016,ages (5-17)
6000,43.1,42.7,43.5,"41,111",2016,ages (18-34)
6001,48.8,46.7,51,"2,008",2016,ages (18-34)
6003,0,0,0,0,2016,ages (18-34)
6005,44.3,29.9,63.2,30,2016,ages (18-34)
6007,42.3,37.4,47.7,269,2016,ages (18-34)
6009,68.1,51.2,88.9,54,2016,ages (18-34)
6011,0,0,0,0,2016,ages (18-34)
6013,58.9,55.9,62.1,"1,393",2016,ages (18-34)
6015,85.8,63.9,112.8,51,2016,ages (18-34)
6017,42.7,36.2,50,154,2016,ages (18-34)
6019,45.9,43.3,48.6,"1,185",2016,ages (18-34)
6021,28.2,17,44.1,19,2016,ages (18-34)
6023,77.6,68.5,87.5,265,2016,ages (18-34)
6025,54,47.5,61.1,252,2016,ages (18-34)
6027,46.5,26.6,75.5,16,2016,ages (18-34)
6029,55.3,52.3,58.4,"1,295",2016,ages (18-34)
6031,57.2,50.2,64.9,240,2016,ages (18-34)
6033,92.6,76.7,110.8,119,2016,ages (18-34)
6035,57,41.5,76.2,45,2016,ages (18-34)
6037,46.7,45.9,47.6,"11,826",2016,ages (18-34)
6039,35.5,29.9,42,138,2016,ages (18-34)
6041,22.8,18.4,27.9,93,2016,ages (18-34)
6043,0,0,0,0,2016,ages (18-34)
6045,87.7,74.5,102.5,158,2016,ages (18-34)
6047,72,66,78.5,518,2016,ages (18-34)
6049,96.9,56.5,155.2,17,2016,ages (18-34)
6051,38.5,19.9,67.2,12,2016,ages (18-34)
6053,48.6,44.6,53,533,2016,ages (18-34)
6055,32,26.1,38.8,102,2016,ages (18-34)
6057,47,37.6,58.1,86,2016,ages (18-34)
6059,24.7,23.6,25.8,"1,822",2016,ages (18-34)
6061,33.8,29.8,38.2,258,2016,ages (18-34)
6063,71.1,46,104.9,25,2016,ages (18-34)
6065,40.9,39.2,42.6,"2,325",2016,ages (18-34)
6067,66.6,64,69.3,"2,445",2016,ages (18-34)
6069,39.4,29.6,51.4,54,2016,ages (18-34)
6071,52.9,50.9,54.8,"2,877",2016,ages (18-34)
6073,28.1,27,29.3,"2,322",2016,ages (18-34)
6075,27.6,25.5,29.8,649,2016,ages (18-34)
6077,61.6,58.1,65.4,"1,107",2016,ages (18-34)
6079,33.7,29.6,38.2,242,2016,ages (18-34)
6081,34.3,31.5,37.4,532,2016,ages (18-34)
6083,32.5,29.4,35.8,409,2016,ages (18-34)
6085,28.6,27,30.2,"1,246",2016,ages (18-34)
6087,24.7,21.2,28.6,178,2016,ages (18-34)
6089,53,45.9,60.8,203,2016,ages (18-34)
6091,0,0,0,0,2016,ages (18-34)
6093,49.8,35.9,67.3,42,2016,ages (18-34)
6095,91.1,85.3,97.2,914,2016,ages (18-34)
6097,34.9,31.4,38.5,380,2016,ages (18-34)
6099,51.3,47.6,55.2,699,2016,ages (18-34)
6101,34.9,27.7,43.4,81,2016,ages (18-34)
6103,64.5,51.8,79.3,89,2016,ages (18-34)
6105,55.6,29.6,95,13,2016,ages (18-34)
6107,36,32.6,39.7,412,2016,ages (18-34)
6109,65,50.8,82,71,2016,ages (18-34)
6111,27.9,25.6,30.4,548,2016,ages (18-34)
6113,27.2,23.6,31.3,195,2016,ages (18-34)
6115,40,31.4,50.2,74,2016,ages (18-34)
6000,34.4,34.1,34.7,"52,189",2016,ages (35-64)
6001,43.6,42,45.2,"2,873",2016,ages (35-64)
6003,0,0,0,0,2016,ages (35-64)
6005,54.7,43.5,67.9,82,2016,ages (35-64)
6007,29.8,26,34,225,2016,ages (35-64)
6009,33.2,25.2,43.1,57,2016,ages (35-64)
6011,32.7,21.4,47.9,26,2016,ages (35-64)
6013,42.6,40.7,44.5,"1,988",2016,ages (35-64)
6015,40,28.9,54.1,42,2016,ages (35-64)
6017,28.4,24.7,32.4,213,2016,ages (35-64)
6019,40.5,38.4,42.8,"1,359",2016,ages (35-64)
6021,34.7,24.3,48,36,2016,ages (35-64)
6023,67.8,60.9,75.3,349,2016,ages (35-64)
6025,36.8,32.2,41.8,233,2016,ages (35-64)
6027,40.6,27.2,58.4,29,2016,ages (35-64)
6029,41.5,39.2,43.8,"1,268",2016,ages (35-64)
6031,49.8,43.6,56.5,234,2016,ages (35-64)
6033,86.4,75.2,98.8,214,2016,ages (35-64)
6035,26,17.9,36.6,33,2016,ages (35-64)
6037,37.1,36.5,37.7,"15,008",2016,ages (35-64)
6039,32.8,28.1,38,174,2016,ages (35-64)
6041,19.1,16.6,21.8,217,2016,ages (35-64)
6043,28.3,17.3,43.7,20,2016,ages (35-64)
6045,37.8,31.6,45,128,2016,ages (35-64)
6047,62,57,67.3,567,2016,ages (35-64)
6049,59.1,36.6,90.3,21,2016,ages (35-64)
6051,0,0,0,0,2016,ages (35-64)
6053,34,31.2,36.9,544,2016,ages (35-64)
6055,22,18.3,26.3,121,2016,ages (35-64)
6057,24.7,20,30.2,95,2016,ages (35-64)
6059,19.5,18.8,20.3,"2,472",2016,ages (35-64)
6061,21.3,19,23.8,317,2016,ages (35-64)
6063,50,35.2,68.9,37,2016,ages (35-64)
6065,32,30.8,33.2,"2,748",2016,ages (35-64)
6067,55,53.2,57,"3,181",2016,ages (35-64)
6069,32.1,25.1,40.4,72,2016,ages (35-64)
6071,40.8,39.4,42.2,"3,217",2016,ages (35-64)
6073,23.8,23,24.7,"2,955",2016,ages (35-64)
6075,29.9,28.1,31.7,"1,114",2016,ages (35-64)
6077,49.4,46.8,52.1,"1,334",2016,ages (35-64)
6079,30.8,27.5,34.4,315,2016,ages (35-64)
6081,23.1,21.5,24.8,757,2016,ages (35-64)
6083,25,22.6,27.6,392,2016,ages (35-64)
6085,26.6,25.5,27.8,"2,104",2016,ages (35-64)
6087,27.4,24.3,30.7,287,2016,ages (35-64)
6089,34.6,30.3,39.3,231,2016,ages (35-64)
6091,0,0,0,0,2016,ages (35-64)
6093,26.1,18.9,35.2,43,2016,ages (35-64)
6095,66.1,62.2,70.1,"1,114",2016,ages (35-64)
6097,29.9,27.6,32.4,606,2016,ages (35-64)
6099,43.1,40.2,46.1,843,2016,ages (35-64)
6101,27,21.8,32.9,96,2016,ages (35-64)
6103,48.2,39.7,58.1,111,2016,ages (35-64)
6105,50.7,33.4,73.8,27,2016,ages (35-64)
6107,32.6,29.9,35.6,513,2016,ages (35-64)
6109,32.9,25.6,41.7,68,2016,ages (35-64)
6111,21.7,20.2,23.4,726,2016,ages (35-64)
6113,33,29,37.6,235,2016,ages (35-64)
6115,38.5,31.4,46.6,104,2016,ages (35-64)
6000,21.4,21,21.8,"11,691",2016,Above 65
6001,34.4,32,37,764,2016,Above 65
6003,0,0,0,0,2016,Above 65
6005,18.4,10.9,29.1,18,2016,Above 65
6007,11.9,8.8,15.7,48,2016,Above 65
6009,16.2,9.9,25,20,2016,Above 65
6011,0,0,0,0,2016,Above 65
6013,25.4,23.1,27.9,445,2016,Above 65
6015,0,0,0,0,2016,Above 65
6017,11.6,8.3,15.6,42,2016,Above 65
6019,27.7,24.7,30.9,320,2016,Above 65
6021,0,0,0,0,2016,Above 65
6023,17.6,12.5,23.9,40,2016,Above 65
6025,37,29.5,45.8,84,2016,Above 65
6027,0,0,0,0,2016,Above 65
6029,21.7,18.8,24.9,204,2016,Above 65
6031,27.3,19.6,37.1,41,2016,Above 65
6033,32.9,24.1,43.9,46,2016,Above 65
6035,0,0,0,0,2016,Above 65
6037,24.4,23.6,25.3,"3,306",2016,Above 65
6039,22.9,16.9,30.3,49,2016,Above 65
6041,11.9,9.2,15.1,67,2016,Above 65
6043,28.6,15.7,48.1,14,2016,Above 65
6045,19.4,13.5,27,35,2016,Above 65
6047,29.6,23.7,36.5,87,2016,Above 65
6049,0,0,0,0,2016,Above 65
6051,0,0,0,0,2016,Above 65
6053,21,17.4,25.1,120,2016,Above 65
6055,26.6,20.6,33.7,68,2016,Above 65
6057,10.2,6.7,15,26,2016,Above 65
6059,15.6,14.4,16.8,702,2016,Above 65
6061,14.4,11.8,17.5,105,2016,Above 65
6063,27.8,15.5,45.8,15,2016,Above 65
6065,16.9,15.5,18.3,563,2016,Above 65
6067,24.5,22.4,26.8,491,2016,Above 65
6069,28.7,17.8,43.9,21,2016,Above 65
6071,23.2,21.3,25.2,547,2016,Above 65
6073,15.3,14.2,16.5,697,2016,Above 65
6075,21.4,19,23.9,296,2016,Above 65
6077,23.6,20.5,27,212,2016,Above 65
6079,18,14.7,21.9,99,2016,Above 65
6081,25,22.3,27.9,309,2016,Above 65
6083,23.7,20.1,27.8,153,2016,Above 65
6085,19.3,17.6,21,502,2016,Above 65
6087,15.8,12.2,20.1,65,2016,Above 65
6089,10.2,7.1,14.1,36,2016,Above 65
6091,0,0,0,0,2016,Above 65
6093,12.9,7.1,21.7,14,2016,Above 65
6095,36.8,32.2,41.7,238,2016,Above 65
6097,17.2,14.7,20.1,161,2016,Above 65
6099,22.8,19.3,26.7,155,2016,Above 65
6101,14.8,9.1,22.6,21,2016,Above 65
6103,19.4,12.3,29.2,23,2016,Above 65
6105,0,0,0,0,2016,Above 65
6107,18.1,14.7,22.2,95,2016,Above 65
6109,23.6,16.3,33.2,33,2016,Above 65
6111,14.3,12.3,16.6,178,2016,Above 65
6113,20.2,15.1,26.4,52,2016,Above 65
6115,25.2,16,37.9,23,2016,Above 65
6000,91.4,90.2,92.6,"22,671",2017,ages (0-4)
6001,117.6,110.9,124.6,"1,147",2017,ages (0-4)
6003,0,0,0,0,2017,ages (0-4)
6005,0,0,0,0,2017,ages (0-4)
6007,59.8,46.9,75.2,73,2017,ages (0-4)
6009,84.9,47.5,140,15,2017,ages (0-4)
6011,103.3,59,167.7,16,2017,ages (0-4)
6013,111.8,103.8,120.4,709,2017,ages (0-4)
6015,102,58.3,165.6,16,2017,ages (0-4)
6017,48.6,34.4,66.7,38,2017,ages (0-4)
6019,218.6,208.3,229.3,"1,699",2017,ages (0-4)
6021,0,0,0,0,2017,ages (0-4)
6023,70,52.4,91.5,53,2017,ages (0-4)
6025,88.2,74.4,103.9,144,2017,ages (0-4)
6027,107.7,55.7,188.2,12,2017,ages (0-4)
6029,100.4,93.1,108.1,701,2017,ages (0-4)
6031,142.5,121.7,165.8,167,2017,ages (0-4)
6033,77.9,52.2,111.9,29,2017,ages (0-4)
6035,0,0,0,0,2017,ages (0-4)
6037,96.9,94.5,99.4,"6,090",2017,ages (0-4)
6039,193.3,168.5,220.6,219,2017,ages (0-4)
6041,41.7,30.8,55.1,49,2017,ages (0-4)
6043,0,0,0,0,2017,ages (0-4)
6045,125.2,96.4,159.9,64,2017,ages (0-4)
6047,146.4,130.4,163.8,304,2017,ages (0-4)
6049,0,0,0,0,2017,ages (0-4)
6051,0,0,0,0,2017,ages (0-4)
6053,69.6,60.7,79.5,220,2017,ages (0-4)
6055,63.8,46.7,85.2,46,2017,ages (0-4)
6057,58.6,37.5,87.2,24,2017,ages (0-4)
6059,69.7,66,73.5,"1,323",2017,ages (0-4)
6061,67.3,56.1,80.2,125,2017,ages (0-4)
6063,0,0,0,0,2017,ages (0-4)
6065,74.9,70.6,79.3,"1,152",2017,ages (0-4)
6067,100.9,94.7,107.4,988,2017,ages (0-4)
6069,78.7,52.7,113,29,2017,ages (0-4)
6071,87.7,83.1,92.6,"1,340",2017,ages (0-4)
6073,77.7,74.1,81.5,"1,724",2017,ages (0-4)
6075,118.8,108.8,129.5,521,2017,ages (0-4)
6077,104.3,95.6,113.5,535,2017,ages (0-4)
6079,72.2,58.4,88.3,95,2017,ages (0-4)
6081,63.7,56.4,71.6,280,2017,ages (0-4)
6083,61.7,52.9,71.5,175,2017,ages (0-4)
6085,48.7,44.8,52.8,586,2017,ages (0-4)
6087,76.1,63,91.2,117,2017,ages (0-4)
6089,71.8,56.2,90.4,72,2017,ages (0-4)
6091,0,0,0,0,2017,ages (0-4)
6093,57.6,30.7,98.6,13,2017,ages (0-4)
6095,128.1,114.7,142.5,335,2017,ages (0-4)
6097,73.2,63,84.5,185,2017,ages (0-4)
6099,83.9,75,93.6,322,2017,ages (0-4)
6101,48.5,33.2,68.5,32,2017,ages (0-4)
6103,62.4,41.1,90.8,27,2017,ages (0-4)
6105,0,0,0,0,2017,ages (0-4)
6107,105.5,95.3,116.4,397,2017,ages (0-4)
6109,58,30.9,99.2,13,2017,ages (0-4)
6111,58.4,51.9,65.4,298,2017,ages (0-4)
6113,60.6,47.8,75.9,76,2017,ages (0-4)
6115,44.1,28.8,64.6,26,2017,ages (0-4)
6000,68.3,67.7,69,"45,957",2017,ages (5-17)
6001,81.2,77.7,84.8,"2,025",2017,ages (5-17)
6003,0,0,0,0,2017,ages (5-17)
6005,67.2,44.6,97.1,28,2017,ages (5-17)
6007,45.7,38.8,53.5,153,2017,ages (5-17)
6009,63.8,44.5,88.8,35,2017,ages (5-17)
6011,45.9,28.4,70.2,21,2017,ages (5-17)
6013,79.5,75.5,83.7,"1,493",2017,ages (5-17)
6015,84.9,59.4,117.5,36,2017,ages (5-17)
6017,44.1,36.7,52.5,125,2017,ages (5-17)
6019,131.3,126.4,136.4,"2,666",2017,ages (5-17)
6021,32.5,19.3,51.4,18,2017,ages (5-17)
6023,59,49,70.6,120,2017,ages (5-17)
6025,141.9,130.3,154.3,546,2017,ages (5-17)
6027,72.6,44.4,112.2,20,2017,ages (5-17)
6029,81.6,77.5,85.8,"1,513",2017,ages (5-17)
6031,99.2,89,110.4,338,2017,ages (5-17)
6033,84.2,67.1,104.4,83,2017,ages (5-17)
6035,71.2,46.9,103.6,27,2017,ages (5-17)
6037,77.5,76.2,78.9,"12,929",2017,ages (5-17)
6039,110.3,99,122.7,342,2017,ages (5-17)
6041,28.2,23.3,33.9,115,2017,ages (5-17)
6043,0,0,0,0,2017,ages (5-17)
6045,90.7,75.6,107.9,127,2017,ages (5-17)
6047,99.4,91.5,107.8,588,2017,ages (5-17)
6049,129.6,76.8,204.8,18,2017,ages (5-17)
6051,0,0,0,0,2017,ages (5-17)
6053,63.3,58,68.9,525,2017,ages (5-17)
6055,47.2,38.6,57.1,105,2017,ages (5-17)
6057,46.2,34.9,60,56,2017,ages (5-17)
6059,46.7,44.9,48.6,"2,496",2017,ages (5-17)
6061,42.1,37,47.7,246,2017,ages (5-17)
6063,75.3,44.6,119.1,18,2017,ages (5-17)
6065,62.3,60,64.6,"2,772",2017,ages (5-17)
6067,82.1,78.7,85.6,"2,171",2017,ages (5-17)
6069,100.4,82.4,121.3,108,2017,ages (5-17)
6071,74.1,71.6,76.8,"3,165",2017,ages (5-17)
6073,45.3,43.5,47.1,"2,563",2017,ages (5-17)
6075,62.8,57.5,68.4,526,2017,ages (5-17)
6077,77.4,73,82,"1,152",2017,ages (5-17)
6079,47.5,40.7,55,175,2017,ages (5-17)
6081,39.6,36.1,43.4,470,2017,ages (5-17)
6083,55,49.8,60.7,398,2017,ages (5-17)
6085,38.1,36,40.3,"1,237",2017,ages (5-17)
6087,40.1,34.3,46.5,172,2017,ages (5-17)
6089,56.6,48.1,66.2,156,2017,ages (5-17)
6091,0,0,0,0,2017,ages (5-17)
6093,50.4,34.5,71.1,32,2017,ages (5-17)
6095,115.8,108.2,123.8,863,2017,ages (5-17)
6097,51.6,46.5,57.1,376,2017,ages (5-17)
6099,74.1,69.1,79.5,795,2017,ages (5-17)
6101,46.5,37.2,57.4,86,2017,ages (5-17)
6103,100.9,83.1,121.4,112,2017,ages (5-17)
6105,0,0,0,0,2017,ages (5-17)
6107,61.3,56.7,66.2,655,2017,ages (5-17)
6109,76.5,56.6,101.1,49,2017,ages (5-17)
6111,53,49.4,56.9,778,2017,ages (5-17)
6113,59.3,51.6,67.7,217,2017,ages (5-17)
6115,60.9,49.3,74.4,95,2017,ages (5-17)
6000,45.4,44.9,45.8,"43,278",2017,ages (18-34)
6001,46.3,44.2,48.4,"1,909",2017,ages (18-34)
6003,0,0,0,0,2017,ages (18-34)
6005,61.3,44.2,82.9,42,2017,ages (18-34)
6007,52.1,46.7,58,335,2017,ages (18-34)
6009,75.5,57.8,97,61,2017,ages (18-34)
6011,22.8,11.8,39.9,12,2017,ages (18-34)
6013,67.8,64.5,71.2,"1,615",2017,ages (18-34)
6015,88.2,66.1,115.4,53,2017,ages (18-34)
6017,56.7,49.3,64.9,210,2017,ages (18-34)
6019,56.2,53.4,59.1,"1,461",2017,ages (18-34)
6021,47,32.1,66.3,32,2017,ages (18-34)
6023,94.6,84.5,105.5,320,2017,ages (18-34)
6025,57.9,51.2,65.1,274,2017,ages (18-34)
6027,55.8,33.6,87.2,19,2017,ages (18-34)
6029,53.3,50.4,56.4,"1,263",2017,ages (18-34)
6031,62.3,55,70.3,263,2017,ages (18-34)
6033,86.8,71.5,104.5,112,2017,ages (18-34)
6035,58.9,43.2,78.2,47,2017,ages (18-34)
6037,47.4,46.5,48.3,"11,908",2017,ages (18-34)
6039,36,30.3,42.4,142,2017,ages (18-34)
6041,26.6,21.8,32,109,2017,ages (18-34)
6043,52.7,30.7,84.4,17,2017,ages (18-34)
6045,84,71.1,98.5,151,2017,ages (18-34)
6047,68.1,62.2,74.3,496,2017,ages (18-34)
6049,118.2,73.2,180.7,21,2017,ages (18-34)
6051,54,30.9,87.7,16,2017,ages (18-34)
6053,45.8,41.9,50,502,2017,ages (18-34)
6055,33.9,27.8,40.9,109,2017,ages (18-34)
6057,45.1,36,55.9,84,2017,ages (18-34)
6059,25.9,24.7,27.1,"1,904",2017,ages (18-34)
6061,38,33.8,42.6,296,2017,ages (18-34)
6063,90.9,62.2,128.3,32,2017,ages (18-34)
6065,43.1,41.4,44.8,"2,489",2017,ages (18-34)
6067,78.4,75.5,81.3,"2,891",2017,ages (18-34)
6069,52.5,41.1,66,73,2017,ages (18-34)
6071,51.9,50,53.9,"2,846",2017,ages (18-34)
6073,27.1,26,28.3,"2,217",2017,ages (18-34)
6075,28.5,26.3,30.8,647,2017,ages (18-34)
6077,74,70.1,78,"1,350",2017,ages (18-34)
6079,25.8,22.2,29.8,185,2017,ages (18-34)
6081,33.6,30.8,36.6,517,2017,ages (18-34)
6083,29.7,26.8,32.9,375,2017,ages (18-34)
6085,32.2,30.6,34,"1,399",2017,ages (18-34)
6087,24.6,21.1,28.4,177,2017,ages (18-34)
6089,60.6,53.1,68.9,233,2017,ages (18-34)
6091,0,0,0,0,2017,ages (18-34)
6093,44.5,31.5,61,38,2017,ages (18-34)
6095,102,95.8,108.3,"1,036",2017,ages (18-34)
6097,43.3,39.5,47.4,469,2017,ages (18-34)
6099,58,54,62.1,802,2017,ages (18-34)
6101,31.9,25.1,40,75,2017,ages (18-34)
6103,64.3,51.7,79,90,2017,ages (18-34)
6105,0,0,0,0,2017,ages (18-34)
6107,39.4,35.9,43.2,455,2017,ages (18-34)
6109,67,52.5,84.3,73,2017,ages (18-34)
6111,34.4,31.9,37.1,676,2017,ages (18-34)
6113,34.4,30.3,39,249,2017,ages (18-34)
6115,49.7,40.1,60.8,93,2017,ages (18-34)
6000,35.6,35.3,35.9,"54,333",2017,ages (35-64)
6001,45.2,43.6,46.8,"3,002",2017,ages (35-64)
6003,0,0,0,0,2017,ages (35-64)
6005,48.1,37.5,60.6,71,2017,ages (35-64)
6007,40.4,35.9,45.2,302,2017,ages (35-64)
6009,33.4,25.2,43.4,56,2017,ages (35-64)
6011,0,0,0,0,2017,ages (35-64)
6013,48.8,46.9,50.9,"2,299",2017,ages (35-64)
6015,38.7,27.6,52.7,40,2017,ages (35-64)
6017,29.2,25.5,33.4,216,2017,ages (35-64)
6019,46.5,44.3,48.9,"1,577",2017,ages (35-64)
6021,52.2,39.2,68.1,54,2017,ages (35-64)
6023,60.5,54,67.6,311,2017,ages (35-64)
6025,37.6,33,42.6,239,2017,ages (35-64)
6027,68.5,50.7,90.6,49,2017,ages (35-64)
6029,37.3,35.2,39.5,"1,149",2017,ages (35-64)
6031,56.2,49.6,63.4,264,2017,ages (35-64)
6033,82.5,71.4,94.7,200,2017,ages (35-64)
6035,33.1,23.7,44.9,41,2017,ages (35-64)
6037,36.9,36.3,37.5,"15,016",2017,ages (35-64)
6039,40.9,35.6,46.6,218,2017,ages (35-64)
6041,17.3,14.9,19.9,194,2017,ages (35-64)
6043,44.5,30.2,63.2,31,2017,ages (35-64)
6045,55.2,47.5,63.8,185,2017,ages (35-64)
6047,62,57,67.2,574,2017,ages (35-64)
6049,89.5,60.8,127,31,2017,ages (35-64)
6051,22.8,12.4,38.2,14,2017,ages (35-64)
6053,33,30.2,35.9,533,2017,ages (35-64)
6055,36.4,31.6,41.9,200,2017,ages (35-64)
6057,29.2,24,35.2,110,2017,ages (35-64)
6059,20.2,19.4,21,"2,575",2017,ages (35-64)
6061,25.2,22.7,27.9,379,2017,ages (35-64)
6063,23.8,13.9,38.1,17,2017,ages (35-64)
6065,34,32.8,35.3,"2,963",2017,ages (35-64)
6067,58.7,56.7,60.7,"3,429",2017,ages (35-64)
6069,45.3,37,55,102,2017,ages (35-64)
6071,40.5,39.1,41.9,"3,217",2017,ages (35-64)
6073,23.9,23,24.8,"2,984",2017,ages (35-64)
6075,32.3,30.5,34.2,"1,232",2017,ages (35-64)
6077,56.2,53.4,59.1,"1,538",2017,ages (35-64)
6079,26.3,23.2,29.6,266,2017,ages (35-64)
6081,23.1,21.4,24.8,761,2017,ages (35-64)
6083,23.8,21.4,26.3,376,2017,ages (35-64)
6085,25.6,24.5,26.7,"2,053",2017,ages (35-64)
6087,24,21.1,27.1,250,2017,ages (35-64)
6089,31.5,27.4,36.1,208,2017,ages (35-64)
6091,0,0,0,0,2017,ages (35-64)
6093,40,30.8,51.1,64,2017,ages (35-64)
6095,77,72.9,81.3,"1,301",2017,ages (35-64)
6097,31.5,29.1,34.1,639,2017,ages (35-64)
6099,49.3,46.2,52.5,972,2017,ages (35-64)
6101,24,19.2,29.6,86,2017,ages (35-64)
6103,43,34.9,52.4,98,2017,ages (35-64)
6105,58,39.1,82.8,30,2017,ages (35-64)
6107,33,30.2,35.9,525,2017,ages (35-64)
6109,36.5,28.7,45.9,74,2017,ages (35-64)
6111,25.1,23.5,26.9,842,2017,ages (35-64)
6113,34.4,30.2,38.9,246,2017,ages (35-64)
6115,43.3,35.8,51.8,118,2017,ages (35-64)
6000,23.3,22.9,23.7,"13,264",2017,Above 65
6001,35.9,33.5,38.4,833,2017,Above 65
6003,0,0,0,0,2017,Above 65
6005,23.9,15.3,35.6,24,2017,Above 65
6007,17.3,13.5,21.7,72,2017,Above 65
6009,23.6,15.9,33.6,30,2017,Above 65
6011,0,0,0,0,2017,Above 65
6013,31.7,29.2,34.4,581,2017,Above 65
6015,0,0,0,0,2017,Above 65
6017,15.8,12,20.3,60,2017,Above 65
6019,30.9,27.9,34.2,372,2017,Above 65
6021,35.1,20.1,57,16,2017,Above 65
6023,18.6,13.5,24.9,44,2017,Above 65
6025,36.8,29.5,45.4,87,2017,Above 65
6027,0,0,0,0,2017,Above 65
6029,21.9,19,25,214,2017,Above 65
6031,25.8,18.4,35.1,40,2017,Above 65
6033,39.5,29.9,51.2,57,2017,Above 65
6035,0,0,0,0,2017,Above 65
6037,24.3,23.5,25.1,"3,422",2017,Above 65
6039,25.7,19.5,33.3,57,2017,Above 65
6041,16.4,13.3,20,96,2017,Above 65
6043,0,0,0,0,2017,Above 65
6045,19.2,13.5,26.6,36,2017,Above 65
6047,33.1,27,40.2,101,2017,Above 65
6049,0,0,0,0,2017,Above 65
6051,0,0,0,0,2017,Above 65
6053,22.4,18.7,26.5,133,2017,Above 65
6055,28.4,22.4,35.7,75,2017,Above 65
6057,12.2,8.3,17.1,32,2017,Above 65
6059,16.5,15.3,17.7,771,2017,Above 65
6061,19.1,16.1,22.5,145,2017,Above 65
6063,0,0,0,0,2017,Above 65
6065,19.6,18.1,21.1,681,2017,Above 65
6067,30,27.7,32.4,626,2017,Above 65
6069,35.2,23.2,51.3,27,2017,Above 65
6071,24.9,23,27,613,2017,Above 65
6073,17.6,16.5,18.9,835,2017,Above 65
6075,21.9,19.5,24.5,314,2017,Above 65
6077,31.4,27.9,35.2,294,2017,Above 65
6079,13.5,10.7,16.9,78,2017,Above 65
6081,24.4,21.8,27.3,314,2017,Above 65
6083,21.4,18.1,25.3,143,2017,Above 65
6085,21.1,19.4,22.9,574,2017,Above 65
6087,12.4,9.3,16.1,54,2017,Above 65
6089,14,10.4,18.5,51,2017,Above 65
6091,0,0,0,0,2017,Above 65
6093,10.7,5.5,18.7,12,2017,Above 65
6095,45.4,40.5,50.7,309,2017,Above 65
6097,27.3,24.1,30.8,268,2017,Above 65
6099,25.3,21.8,29.3,179,2017,Above 65
6101,14.4,8.9,22,21,2017,Above 65
6103,17.4,10.8,26.6,21,2017,Above 65
6105,0,0,0,0,2017,Above 65
6107,18.4,15,22.4,100,2017,Above 65
6109,24.3,16.9,33.8,35,2017,Above 65
6111,17.9,15.7,20.4,232,2017,Above 65
6113,37.7,30.7,45.8,102,2017,Above 65
6115,36.1,25,50.5,34,2017,Above 65