County,Year,MonthNo,Value
Alameda,2014,1,20.041935
Alameda,2014,2,8.014286
Alameda,2014,3,8.677419
Alameda,2014,4,10.053333
Alameda,2014,5,10.167742
Alameda,2014,6,11.793333
Alameda,2014,7,8.922581
Alameda,2014,8,7.941935
Alameda,2014,9,10.090000
Alameda,2014,10,9.393548
Alameda,2014,11,13.013333
Alameda,2014,12,9.277419
Alameda,2015,1,22.154839
Alameda,2015,2,12.085714
Alameda,2015,3,10.822581
Alameda,2015,4,9.330000
Alameda,2015,5,8.658065
Alameda,2015,6,10.686667
Alameda,2015,7,7.648387
Alameda,2015,8,11.958065
Alameda,2015,9,9.970000
Alameda,2015,10,9.590323
Alameda,2015,11,10.923333
Alameda,2015,12,10.522581
Alameda,2016,1,10.525806
Alameda,2016,2,11.886207
Alameda,2016,3,7.990323
Alameda,2016,4,9.586667
Alameda,2016,5,9.832258
Alameda,2016,6,10.400000
Alameda,2016,7,9.287097
Alameda,2016,8,8.787097
Alameda,2016,9,11.890000
Alameda,2016,10,6.993548
Alameda,2016,11,9.996667
Alameda,2016,12,11.922581
Alameda,2017,1,11.870968
Alameda,2017,2,8.689286
Alameda,2017,3,9.641935
Alameda,2017,4,9.793333
Alameda,2017,5,11.367742
Alameda,2017,6,11.956667
Alameda,2017,7,11.835484
Alameda,2017,8,13.954839
Alameda,2017,9,17.990000
Alameda,2017,10,21.212903
Alameda,2017,11,12.710000
Alameda,2017,12,21.896774
Alameda,2018,1,17.390323
Alameda,2018,2,13.085714
Alameda,2018,3,10.706452
Alameda,2018,4,12.266667
Alameda,2018,5,10.948387
Alameda,2018,6,13.933333
Alameda,2018,7,11.687097
Alameda,2018,8,19.067742
Alameda,2018,9,15.196667
Alameda,2018,10,12.625806
Alameda,2018,11,50.473333
Alameda,2018,12,11.635484
Alameda,2019,1,11.919355
Alameda,2019,2,6.303571
Alameda,2019,3,7.645161
Alameda,2019,4,10.350000
Alameda,2019,5,8.693548
Alameda,2019,6,10.566667
Alameda,2019,7,10.203226
Alameda,2019,8,8.945161
Alameda,2019,9,8.953333
Alameda,2019,10,11.777419
Alameda,2019,11,8.803333
Alameda,2019,12,0.000000
Butte,2014,1,21.903226
Butte,2014,2,11.496429
Butte,2014,3,6.141935
Butte,2014,4,6.953333
Butte,2014,5,7.212903
Butte,2014,6,9.810000
Butte,2014,7,12.719355
Butte,2014,8,12.012903
Butte,2014,9,13.480000
Butte,2014,10,11.377419
Butte,2014,11,14.470000
Butte,2014,12,10.745161
Butte,2015,1,23.374194
Butte,2015,2,12.382143
Butte,2015,3,6.332258
Butte,2015,4,5.580000
Butte,2015,5,7.606452
Butte,2015,6,8.410000
Butte,2015,7,8.319355
Butte,2015,8,12.848387
Butte,2015,9,11.543333
Butte,2015,10,9.061290
Butte,2015,11,16.910000
Butte,2015,12,14.435484
Butte,2016,1,11.500000
Butte,2016,2,11.586207
Butte,2016,3,6.338710
Butte,2016,4,6.363333
Butte,2016,5,7.603226
Butte,2016,6,10.090000
Butte,2016,7,11.545161
Butte,2016,8,14.712903
Butte,2016,9,18.390000
Butte,2016,10,11.361290
Butte,2016,11,17.790000
Butte,2016,12,23.006452
Butte,2017,1,12.819355
Butte,2017,2,12.575000
Butte,2017,3,9.774194
Butte,2017,4,9.483333
Butte,2017,5,9.841935
Butte,2017,6,10.546667
Butte,2017,7,13.141935
Butte,2017,8,17.574194
Butte,2017,9,18.133333
Butte,2017,10,17.209677
Butte,2017,11,15.193333
Butte,2017,12,25.758065
Butte,2018,1,16.441935
Butte,2018,2,13.146429
Butte,2018,3,7.561290
Butte,2018,4,8.153333
Butte,2018,5,9.822581
Butte,2018,6,10.863333
Butte,2018,7,19.070968
Butte,2018,8,31.612903
Butte,2018,9,14.743333
Butte,2018,10,13.935484
Butte,2018,11,88.953333
Butte,2018,12,13.767742
Butte,2019,1,15.209677
Butte,2019,2,8.307143
Butte,2019,3,7.929032
Butte,2019,4,9.220000
Butte,2019,5,8.967742
Butte,2019,6,8.873333
Butte,2019,7,10.193548
Butte,2019,8,9.638710
Butte,2019,9,8.310000
Butte,2019,10,9.664516
Butte,2019,11,14.086667
Butte,2019,12,0.000000
Calaveras,2014,1,11.725806
Calaveras,2014,2,9.600000
Calaveras,2014,3,6.958065
Calaveras,2014,4,8.020000
Calaveras,2014,5,7.077419
Calaveras,2014,6,8.256667
Calaveras,2014,7,7.248387
Calaveras,2014,8,9.348387
Calaveras,2014,9,6.590000
Calaveras,2014,10,6.103226
Calaveras,2014,11,5.516667
Calaveras,2014,12,5.416129
Calaveras,2015,1,11.080645
Calaveras,2015,2,6.464286
Calaveras,2015,3,5.141935
Calaveras,2015,4,4.810000
Calaveras,2015,5,5.319355
Calaveras,2015,6,5.390000
Calaveras,2015,7,4.890323
Calaveras,2015,8,6.996774
Calaveras,2015,9,31.250000
Calaveras,2015,10,6.351613
Calaveras,2015,11,8.820000
Calaveras,2015,12,8.812903
Calaveras,2016,1,7.851613
Calaveras,2016,2,9.420690
Calaveras,2016,3,7.074194
Calaveras,2016,4,5.826667
Calaveras,2016,5,6.087097
Calaveras,2016,6,6.393333
Calaveras,2016,7,7.045161
Calaveras,2016,8,8.503226
Calaveras,2016,9,9.610000
Calaveras,2016,10,5.345161
Calaveras,2016,11,5.200000
Calaveras,2016,12,13.241935
Calaveras,2017,1,10.232258
Calaveras,2017,2,10.000000
Calaveras,2017,3,8.403226
Calaveras,2017,4,8.953333
Calaveras,2017,5,13.219355
Calaveras,2017,6,0.970000
Calaveras,2017,7,8.612903
Calaveras,2017,8,14.658065
Calaveras,2017,9,15.676667
Calaveras,2017,10,15.258065
Calaveras,2017,11,12.053333
Calaveras,2017,12,15.983871
Calaveras,2018,1,13.632258
Calaveras,2018,2,13.653571
Calaveras,2018,3,9.383871
Calaveras,2018,4,10.296667
Calaveras,2018,5,11.448387
Calaveras,2018,6,12.246667
Calaveras,2018,7,17.561290
Calaveras,2018,8,30.493548
Calaveras,2018,9,12.936667
Calaveras,2018,10,7.609677
Calaveras,2018,11,16.546667
Calaveras,2018,12,16.661290
Calaveras,2019,1,6.067742
Calaveras,2019,2,4.125000
Calaveras,2019,3,4.551613
Calaveras,2019,4,4.520000
Calaveras,2019,5,4.967742
Calaveras,2019,6,5.180000
Calaveras,2019,7,5.619355
Calaveras,2019,8,5.612903
Calaveras,2019,9,3.663333
Calaveras,2019,10,5.080645
Calaveras,2019,11,3.710000
Calaveras,2019,12,0.000000
Colusa,2014,1,13.309677
Colusa,2014,2,6.085714
Colusa,2014,3,4.529032
Colusa,2014,4,9.050000
Colusa,2014,5,9.016129
Colusa,2014,6,6.283333
Colusa,2014,7,8.767742
Colusa,2014,8,13.051613
Colusa,2014,9,13.170000
Colusa,2014,10,11.416129
Colusa,2014,11,11.546667
Colusa,2014,12,10.312903
Colusa,2015,1,17.877419
Colusa,2015,2,12.439286
Colusa,2015,3,9.261290
Colusa,2015,4,8.013333
Colusa,2015,5,11.164516
Colusa,2015,6,12.476667
Colusa,2015,7,9.422581
Colusa,2015,8,14.025806
Colusa,2015,9,8.720000
Colusa,2015,10,8.832258
Colusa,2015,11,7.470000
Colusa,2015,12,9.558065
Colusa,2016,1,7.541935
Colusa,2016,2,7.744828
Colusa,2016,3,4.964516
Colusa,2016,4,6.236667
Colusa,2016,5,8.309677
Colusa,2016,6,8.166667
Colusa,2016,7,9.067742
Colusa,2016,8,10.906452
Colusa,2016,9,9.826667
Colusa,2016,10,6.393548
Colusa,2016,11,7.350000
Colusa,2016,12,7.709677
Colusa,2017,1,5.087097
Colusa,2017,2,3.446429
Colusa,2017,3,3.735484
Colusa,2017,4,3.170000
Colusa,2017,5,5.738710
Colusa,2017,6,6.016667
Colusa,2017,7,6.929032
Colusa,2017,8,4.051613
Colusa,2017,9,14.143333
Colusa,2017,10,11.041935
Colusa,2017,11,7.530000
Colusa,2017,12,15.141935
Colusa,2018,1,10.719355
Colusa,2018,2,7.603571
Colusa,2018,3,4.925806
Colusa,2018,4,6.146667
Colusa,2018,5,6.029032
Colusa,2018,6,6.823333
Colusa,2018,7,11.829032
Colusa,2018,8,24.606452
Colusa,2018,9,12.466667
Colusa,2018,10,8.938710
Colusa,2018,11,33.943333
Colusa,2018,12,8.325806
Colusa,2019,1,9.167742
Colusa,2019,2,3.292857
Colusa,2019,3,3.154839
Colusa,2019,4,4.933333
Colusa,2019,5,5.064516
Colusa,2019,6,6.986667
Colusa,2019,7,8.790323
Colusa,2019,8,6.738710
Colusa,2019,9,5.546667
Colusa,2019,10,7.470968
Colusa,2019,11,8.266667
Colusa,2019,12,0.000000
ContraCosta,2014,1,17.735484
ContraCosta,2014,2,11.557143
ContraCosta,2014,3,11.093548
ContraCosta,2014,4,10.916667
ContraCosta,2014,5,10.677419
ContraCosta,2014,6,12.830000
ContraCosta,2014,7,7.690323
ContraCosta,2014,8,8.580645
ContraCosta,2014,9,10.423333
ContraCosta,2014,10,6.435484
ContraCosta,2014,11,11.806667
ContraCosta,2014,12,10.122581
ContraCosta,2015,1,20.616129
ContraCosta,2015,2,11.464286
ContraCosta,2015,3,7.541935
ContraCosta,2015,4,7.040000
ContraCosta,2015,5,7.500000
ContraCosta,2015,6,9.466667
ContraCosta,2015,7,7.238710
ContraCosta,2015,8,11.632258
ContraCosta,2015,9,8.096667
ContraCosta,2015,10,8.458065
ContraCosta,2015,11,8.880000
ContraCosta,2015,12,9.848387
ContraCosta,2016,1,9.338710
ContraCosta,2016,2,8.417241
ContraCosta,2016,3,6.054839
ContraCosta,2016,4,8.156667
ContraCosta,2016,5,9.906452
ContraCosta,2016,6,8.640000
ContraCosta,2016,7,6.977419
ContraCosta,2016,8,5.374194
ContraCosta,2016,9,10.626667
ContraCosta,2016,10,7.538710
ContraCosta,2016,11,9.746667
ContraCosta,2016,12,11.941935
ContraCosta,2017,1,11.200000
ContraCosta,2017,2,8.735714
ContraCosta,2017,3,7.967742
ContraCosta,2017,4,8.880000
ContraCosta,2017,5,10.670968
ContraCosta,2017,6,10.843333
ContraCosta,2017,7,11.606452
ContraCosta,2017,8,14.783871
ContraCosta,2017,9,15.793333
ContraCosta,2017,10,22.474194
ContraCosta,2017,11,11.306667
ContraCosta,2017,12,19.525806
ContraCosta,2019,1,10.587097
ContraCosta,2019,2,5.257143
ContraCosta,2019,3,5.548387
ContraCosta,2019,4,8.606667
ContraCosta,2019,5,7.125806
ContraCosta,2019,6,9.563333
ContraCosta,2019,7,8.819355
ContraCosta,2019,8,7.751613
ContraCosta,2019,9,6.946667
ContraCosta,2019,10,9.538710
ContraCosta,2019,11,7.063333
ContraCosta,2019,12,0.000000
ContraCosta,2018,1,16.732258
ContraCosta,2018,2,11.950000
ContraCosta,2018,3,9.522581
ContraCosta,2018,4,11.063333
ContraCosta,2018,5,10.209677
ContraCosta,2018,6,14.386667
ContraCosta,2018,7,13.232258
ContraCosta,2018,8,16.090323
ContraCosta,2018,9,12.240000
ContraCosta,2018,10,9.616129
ContraCosta,2018,11,44.843333
ContraCosta,2018,12,10.658065
DelNorte,2014,1,0.767742
DelNorte,2014,2,0.778571
DelNorte,2014,3,1.377419
DelNorte,2014,4,1.530000
DelNorte,2014,5,1.151613
DelNorte,2014,6,1.920000
DelNorte,2014,7,1.151613
DelNorte,2014,8,0.903226
DelNorte,2014,9,1.896667
DelNorte,2014,10,1.083871
DelNorte,2014,11,0.836667
DelNorte,2014,12,0.380645
DelNorte,2015,1,0.967742
DelNorte,2015,2,0.578571
DelNorte,2015,3,0.935484
DelNorte,2015,4,1.470000
DelNorte,2015,5,1.248387
DelNorte,2015,6,2.326667
DelNorte,2015,7,1.693548
DelNorte,2015,8,3.803226
DelNorte,2015,9,1.750000
DelNorte,2015,10,1.161290
DelNorte,2015,11,1.016667
DelNorte,2015,12,0.264516
DelNorte,2016,1,0.774194
DelNorte,2016,2,0.751724
DelNorte,2016,3,1.283871
DelNorte,2016,4,1.133333
DelNorte,2016,5,1.570968
DelNorte,2016,6,1.263333
DelNorte,2016,7,1.616129
DelNorte,2016,8,0.880645
DelNorte,2016,9,1.536667
DelNorte,2016,10,5.035484
DelNorte,2016,11,5.770000
DelNorte,2016,12,8.241935
DelNorte,2017,1,8.906452
DelNorte,2017,2,5.782143
DelNorte,2017,3,4.203226
DelNorte,2017,4,3.236667
DelNorte,2017,5,2.312903
DelNorte,2017,6,2.186667
DelNorte,2017,7,3.196774
DelNorte,2017,8,6.258065
DelNorte,2017,9,11.453333
DelNorte,2017,10,4.254839
DelNorte,2017,11,7.526667
DelNorte,2017,12,9.890323
DelNorte,2018,1,10.074194
DelNorte,2018,2,8.642857
DelNorte,2018,3,5.319355
DelNorte,2018,4,6.006667
DelNorte,2018,5,0.635484
DelNorte,2018,6,0.976667
DelNorte,2018,7,1.667742
DelNorte,2018,8,1.851613
DelNorte,2018,9,0.000000
DelNorte,2018,10,0.000000
DelNorte,2018,11,0.000000
DelNorte,2018,12,0.000000
ElDorado,2014,1,0.361290
ElDorado,2014,2,0.742857
ElDorado,2014,3,0.803226
ElDorado,2014,4,1.080000
ElDorado,2014,5,0.983871
ElDorado,2014,6,1.266667
ElDorado,2014,7,1.729032
ElDorado,2014,8,1.748387
ElDorado,2014,9,3.926667
ElDorado,2014,10,1.077419
ElDorado,2014,11,0.626667
ElDorado,2014,12,0.970968
ElDorado,2015,1,1.280645
ElDorado,2015,2,0.817857
ElDorado,2015,3,1.154839
ElDorado,2015,4,1.036667
ElDorado,2015,5,1.100000
ElDorado,2015,6,1.230000
ElDorado,2015,7,1.603226
ElDorado,2015,8,1.919355
ElDorado,2015,9,2.606667
ElDorado,2015,10,1.003226
ElDorado,2015,11,1.806667
ElDorado,2015,12,0.780645
ElDorado,2016,1,1.035484
ElDorado,2016,2,0.996552
ElDorado,2016,3,0.632258
ElDorado,2016,4,0.806667
ElDorado,2016,5,0.748387
ElDorado,2016,6,1.143333
ElDorado,2016,7,1.451613
ElDorado,2016,8,3.429032
ElDorado,2016,9,1.790000
ElDorado,2016,10,1.054839
ElDorado,2016,11,1.043333
ElDorado,2016,12,0.929032
ElDorado,2017,1,0.532258
ElDorado,2017,2,0.307143
ElDorado,2017,3,0.712903
ElDorado,2017,4,0.823333
ElDorado,2017,5,1.122581
ElDorado,2017,6,1.170000
ElDorado,2017,7,2.935484
ElDorado,2017,8,2.290323
ElDorado,2017,9,2.256667
ElDorado,2017,10,2.170968
ElDorado,2017,11,0.783333
ElDorado,2017,12,0.916129
ElDorado,2018,1,1.022581
ElDorado,2018,2,1.053571
ElDorado,2018,3,0.545161
ElDorado,2018,4,1.206667
ElDorado,2018,5,0.916129
ElDorado,2018,6,1.256667
ElDorado,2018,7,3.725806
ElDorado,2018,8,5.806452
ElDorado,2018,9,0.000000
ElDorado,2018,10,0.000000
ElDorado,2018,11,0.000000
ElDorado,2018,12,0.000000
Fresno,2014,1,50.306452
Fresno,2014,2,18.782143
Fresno,2014,3,10.396774
Fresno,2014,4,12.826667
Fresno,2014,5,9.635484
Fresno,2014,6,12.896667
Fresno,2014,7,15.783871
Fresno,2014,8,13.719355
Fresno,2014,9,16.726667
Fresno,2014,10,14.616129
Fresno,2014,11,31.866667
Fresno,2014,12,19.141935
Fresno,2015,1,39.122581
Fresno,2015,2,21.335714
Fresno,2015,3,10.938710
Fresno,2015,4,9.463333
Fresno,2015,5,9.296774
Fresno,2015,6,12.413333
Fresno,2015,7,13.570968
Fresno,2015,8,17.432258
Fresno,2015,9,18.330000
Fresno,2015,10,15.235484
Fresno,2015,11,22.120000
Fresno,2015,12,23.593548
Fresno,2016,1,19.180645
Fresno,2016,2,22.710345
Fresno,2016,3,11.225806
Fresno,2016,4,9.750000
Fresno,2016,5,8.277419
Fresno,2016,6,9.340000
Fresno,2016,7,12.116129
Fresno,2016,8,14.367742
Fresno,2016,9,13.350000
Fresno,2016,10,11.793548
Fresno,2016,11,23.816667
Fresno,2016,12,28.629032
Fresno,2017,1,13.841935
Fresno,2017,2,10.546429
Fresno,2017,3,12.083871
Fresno,2017,4,7.940000
Fresno,2017,5,10.432258
Fresno,2017,6,8.676667
Fresno,2017,7,12.429032
Fresno,2017,8,16.412903
Fresno,2017,9,15.900000
Fresno,2017,10,20.854839
Fresno,2017,11,22.240000
Fresno,2017,12,52.725806
Fresno,2018,1,31.267742
Fresno,2018,2,22.407143
Fresno,2018,3,7.793548
Fresno,2018,4,8.156667
Fresno,2018,5,8.067742
Fresno,2018,6,9.723333
Fresno,2018,7,15.835484
Fresno,2018,8,26.909677
Fresno,2018,9,13.153333
Fresno,2018,10,13.212903
Fresno,2018,11,34.970000
Fresno,2018,12,25.248387
Fresno,2019,1,21.880645
Fresno,2019,2,9.085714
Fresno,2019,3,6.764516
Fresno,2019,4,7.746667
Fresno,2019,5,6.587097
Fresno,2019,6,8.516667
Fresno,2019,7,9.135484
Fresno,2019,8,9.567742
Fresno,2019,9,8.890000
Fresno,2019,10,13.361290
Fresno,2019,11,13.510000
Fresno,2019,12,0.000000
Glenn,2014,1,10.025806
Glenn,2014,2,7.267857
Glenn,2014,3,4.093548
Glenn,2014,4,4.546667
Glenn,2014,5,3.896774
Glenn,2014,6,6.873333
Glenn,2014,7,9.532258
Glenn,2014,8,10.051613
Glenn,2014,9,8.630000
Glenn,2014,10,6.641935
Glenn,2014,11,8.283333
Glenn,2014,12,6.696774
Glenn,2015,1,12.851613
Glenn,2015,2,6.185714
Glenn,2015,3,5.387097
Glenn,2015,4,5.240000
Glenn,2015,5,6.567742
Glenn,2015,6,7.756667
Glenn,2015,7,5.212903
Glenn,2015,8,8.606452
Glenn,2015,9,10.630000
Glenn,2015,10,11.309677
Glenn,2015,11,8.150000
Glenn,2015,12,9.177419
Glenn,2016,1,6.609677
Glenn,2016,2,4.500000
Glenn,2016,3,3.545161
Glenn,2016,4,3.250000
Glenn,2016,5,6.480645
Glenn,2016,6,10.806667
Glenn,2016,7,10.045161
Glenn,2016,8,11.987097
Glenn,2016,9,13.600000
Glenn,2016,10,9.238710
Glenn,2016,11,12.743333
Glenn,2016,12,11.103226
Glenn,2017,1,9.874194
Glenn,2017,2,8.235714
Glenn,2017,3,9.741935
Glenn,2017,4,5.556667
Glenn,2017,5,2.254839
Glenn,2017,6,2.170000
Glenn,2017,7,5.338710
Glenn,2017,8,11.564516
Glenn,2017,9,13.986667
Glenn,2017,10,9.445161
Glenn,2017,11,6.246667
Glenn,2017,12,9.280645
Glenn,2018,1,4.254839
Glenn,2018,2,5.235714
Glenn,2018,3,5.009677
Glenn,2018,4,5.436667
Glenn,2018,5,4.938710
Glenn,2018,6,5.156667
Glenn,2018,7,9.954839
Glenn,2018,8,25.141935
Glenn,2018,9,12.433333
Glenn,2018,10,5.461290
Glenn,2018,11,25.000000
Glenn,2018,12,7.764516
Glenn,2019,1,7.003226
Glenn,2019,2,3.589286
Glenn,2019,3,3.587097
Glenn,2019,4,1.496667
Glenn,2019,5,1.358065
Glenn,2019,6,5.550000
Glenn,2019,7,8.425806
Glenn,2019,8,6.003226
Glenn,2019,9,5.353333
Glenn,2019,10,6.638710
Glenn,2019,11,6.590000
Glenn,2019,12,0.000000
Humboldt ,2018,1,4.103226
Humboldt ,2018,2,2.857143
Humboldt ,2018,3,1.532258
Humboldt ,2018,4,2.333333
Humboldt ,2018,5,1.819355
Humboldt ,2018,6,1.766667
Humboldt ,2018,7,3.100000
Humboldt ,2018,8,15.554839
Humboldt ,2018,9,6.250000
Humboldt ,2018,10,5.570968
Humboldt ,2018,11,12.690000
Humboldt ,2018,12,5.612903
Humboldt ,2019,1,2.696774
Humboldt ,2019,2,0.939286
Humboldt ,2019,3,1.883871
Humboldt ,2019,4,0.000000
Humboldt ,2019,5,0.000000
Humboldt ,2019,6,0.000000
Humboldt ,2019,7,0.000000
Humboldt ,2019,8,0.000000
Humboldt ,2019,9,0.000000
Humboldt ,2019,10,0.000000
Humboldt ,2019,11,0.000000
Humboldt ,2019,12,0.000000
Humboldt,2014,1,10.822581
Humboldt,2014,2,5.042857
Humboldt,2014,3,7.358065
Humboldt,2014,4,8.440000
Humboldt,2014,5,7.109677
Humboldt,2014,6,9.590000
Humboldt,2014,7,12.174194
Humboldt,2014,8,8.967742
Humboldt,2014,9,9.563333
Humboldt,2014,10,6.116129
Humboldt,2014,11,5.680000
Humboldt,2014,12,3.554839
Humboldt,2015,1,7.693548
Humboldt,2015,2,6.175000
Humboldt,2015,3,7.283871
Humboldt,2015,4,6.803333
Humboldt,2015,5,1.638710
Humboldt,2015,6,2.176667
Humboldt,2015,7,6.816129
Humboldt,2015,8,8.661290
Humboldt,2015,9,8.390000
Humboldt,2015,10,8.696774
Humboldt,2015,11,7.323333
Humboldt,2015,12,3.664516
Humboldt,2016,1,3.629032
Humboldt,2016,2,5.720690
Humboldt,2016,3,4.035484
Humboldt,2016,4,4.693333
Humboldt,2016,5,7.948387
Humboldt,2016,6,4.716667
Humboldt,2016,7,10.064516
Humboldt,2016,8,10.219355
Humboldt,2016,9,8.493333
Humboldt,2016,10,4.677419
Humboldt,2016,11,4.833333
Humboldt,2016,12,7.122581
Humboldt,2017,1,3.851613
Humboldt,2017,2,1.492857
Humboldt,2017,3,3.058065
Humboldt,2017,4,3.776667
Humboldt,2017,5,4.890323
Humboldt,2017,6,4.350000
Humboldt,2017,7,5.229032
Humboldt,2017,8,11.758065
Humboldt,2017,9,21.286667
Humboldt,2017,10,8.706452
Humboldt,2017,11,2.180000
Humboldt,2017,12,4.725806
Imperial,2016,1,17.874194
Imperial,2016,2,13.617241
Imperial,2016,3,31.100000
Imperial,2016,4,24.010000
Imperial,2016,5,34.667742
Imperial,2016,6,29.476667
Imperial,2016,7,26.138710
Imperial,2016,8,16.754839
Imperial,2016,9,19.813333
Imperial,2016,10,13.635484
Imperial,2016,11,13.910000
Imperial,2016,12,22.909677
Imperial,2014,1,25.212903
Imperial,2014,2,24.407143
Imperial,2014,3,13.680645
Imperial,2014,4,34.040000
Imperial,2014,5,58.522581
Imperial,2014,6,23.486667
Imperial,2014,7,22.461290
Imperial,2014,8,15.351613
Imperial,2014,9,11.110000
Imperial,2014,10,14.522581
Imperial,2014,11,15.263333
Imperial,2014,12,20.161290
Imperial,2015,1,21.538710
Imperial,2015,2,21.239286
Imperial,2015,3,11.761290
Imperial,2015,4,24.300000
Imperial,2015,5,34.319355
Imperial,2015,6,22.423333
Imperial,2015,7,17.451613
Imperial,2015,8,13.938710
Imperial,2015,9,11.210000
Imperial,2015,10,11.303226
Imperial,2015,11,17.086667
Imperial,2015,12,20.003226
Imperial,2017,1,10.341935
Imperial,2017,2,14.314286
Imperial,2017,3,14.896774
Imperial,2017,4,12.876667
Imperial,2017,5,18.529032
Imperial,2017,6,20.446667
Imperial,2017,7,17.025806
Imperial,2017,8,14.664516
Imperial,2017,9,13.106667
Imperial,2017,10,17.735484
Imperial,2017,11,13.966667
Imperial,2017,12,29.683871
Imperial,2018,1,18.464516
Imperial,2018,2,17.435714
Imperial,2018,3,10.600000
Imperial,2018,4,22.783333
Imperial,2018,5,17.441935
Imperial,2018,6,16.846667
Imperial,2018,7,15.125806
Imperial,2018,8,12.122581
Imperial,2018,9,11.083333
Imperial,2018,10,10.200000
Imperial,2018,11,17.700000
Imperial,2018,12,17.783871
Imperial,2019,1,16.496774
Imperial,2019,2,11.357143
Imperial,2019,3,7.258065
Imperial,2019,4,8.860000
Imperial,2019,5,10.158065
Imperial,2019,6,13.283333
Imperial,2019,7,13.038710
Imperial,2019,8,10.280645
Imperial,2019,9,8.730000
Imperial,2019,10,10.780645
Imperial,2019,11,7.900000
Imperial,2019,12,0.000000
Inyo,2014,1,3.890323
Inyo,2014,2,3.935714
Inyo,2014,3,8.812903
Inyo,2014,4,8.913333
Inyo,2014,5,12.029032
Inyo,2014,6,13.043333
Inyo,2014,7,8.825806
Inyo,2014,8,7.770968
Inyo,2014,9,5.333333
Inyo,2014,10,5.048387
Inyo,2014,11,6.946667
Inyo,2014,12,12.312903
Inyo,2015,1,5.141935
Inyo,2015,2,6.039286
Inyo,2015,3,5.106452
Inyo,2015,4,11.480000
Inyo,2015,5,7.538710
Inyo,2015,6,9.093333
Inyo,2015,7,7.867742
Inyo,2015,8,21.138710
Inyo,2015,9,10.753333
Inyo,2015,10,4.661290
Inyo,2015,11,9.343333
Inyo,2015,12,5.125806
Inyo,2016,1,3.329032
Inyo,2016,2,5.106897
Inyo,2016,3,4.864516
Inyo,2016,4,7.536667
Inyo,2016,5,6.451613
Inyo,2016,6,8.416667
Inyo,2016,7,8.680645
Inyo,2016,8,14.109677
Inyo,2016,9,7.503333
Inyo,2016,10,5.477419
Inyo,2016,11,6.866667
Inyo,2016,12,4.841935
Inyo,2017,1,3.564516
Inyo,2017,2,4.132143
Inyo,2017,3,12.493548
Inyo,2017,4,9.476667
Inyo,2017,5,6.512903
Inyo,2017,6,7.693333
Inyo,2017,7,12.764516
Inyo,2017,8,9.812903
Inyo,2017,9,7.156667
Inyo,2017,10,9.567742
Inyo,2017,11,6.960000
Inyo,2017,12,7.938710
Inyo,2018,1,4.625806
Inyo,2018,2,5.503571
Inyo,2018,3,3.477419
Inyo,2018,4,8.023333
Inyo,2018,5,11.990323
Inyo,2018,6,9.210000
Inyo,2018,7,16.609677
Inyo,2018,8,33.006452
Inyo,2018,9,4.993333
Inyo,2018,10,4.670968
Inyo,2018,11,4.800000
Inyo,2018,12,5.332258
Inyo,2019,1,3.874194
Inyo,2019,2,4.378571
Inyo,2019,3,4.370968
Inyo,2019,4,7.336667
Inyo,2019,5,5.151613
Inyo,2019,6,6.416667
Inyo,2019,7,6.303226
Inyo,2019,8,6.548387
Inyo,2019,9,6.236667
Inyo,2019,10,10.829032
Inyo,2019,11,2.276667
Inyo,2019,12,0.000000
Kern,2014,1,50.654839
Kern,2014,2,18.457143
Kern,2014,3,14.177419
Kern,2014,4,13.730000
Kern,2014,5,13.629032
Kern,2014,6,24.840000
Kern,2014,7,16.993548
Kern,2014,8,16.332258
Kern,2014,9,15.183333
Kern,2014,10,15.683871
Kern,2014,11,39.753333
Kern,2014,12,20.938710
Kern,2015,1,44.451613
Kern,2015,2,27.071429
Kern,2015,3,13.900000
Kern,2015,4,11.750000
Kern,2015,5,9.177419
Kern,2015,6,11.873333
Kern,2015,7,13.409677
Kern,2015,8,17.919355
Kern,2015,9,14.263333
Kern,2015,10,13.367742
Kern,2015,11,24.306667
Kern,2015,12,22.909677
Kern,2016,1,19.074194
Kern,2016,2,23.268966
Kern,2016,3,9.390323
Kern,2016,4,9.616667
Kern,2016,5,8.216129
Kern,2016,6,11.350000
Kern,2016,7,13.287097
Kern,2016,8,19.329032
Kern,2016,9,15.660000
Kern,2016,10,13.941935
Kern,2016,11,28.063333
Kern,2016,12,28.503226
Kern,2017,1,16.006452
Kern,2017,2,11.003571
Kern,2017,3,15.090323
Kern,2017,4,8.683333
Kern,2017,5,9.690323
Kern,2017,6,11.926667
Kern,2017,7,15.354839
Kern,2017,8,15.177419
Kern,2017,9,12.816667
Kern,2017,10,20.541935
Kern,2017,11,23.116667
Kern,2017,12,51.180645
Kern,2018,1,36.267742
Kern,2018,2,23.285714
Kern,2018,3,9.696774
Kern,2018,4,10.243333
Kern,2018,5,10.587097
Kern,2018,6,12.086667
Kern,2018,7,18.187097
Kern,2018,8,24.961290
Kern,2018,9,14.350000
Kern,2018,10,12.293548
Kern,2018,11,31.506667
Kern,2018,12,24.961290
Kern,2019,1,23.474194
Kern,2019,2,8.410714
Kern,2019,3,8.006452
Kern,2019,4,8.633333
Kern,2019,5,8.580645
Kern,2019,6,10.700000
Kern,2019,7,11.551613
Kern,2019,8,10.409677
Kern,2019,9,9.966667
Kern,2019,10,13.635484
Kern,2019,11,14.963333
Kern,2019,12,0.000000
Kings,2014,1,50.661290
Kings,2014,2,15.692857
Kings,2014,3,8.929032
Kings,2014,4,10.140000
Kings,2014,5,8.332258
Kings,2014,6,8.600000
Kings,2014,7,9.761290
Kings,2014,8,10.003226
Kings,2014,9,11.356667
Kings,2014,10,13.483871
Kings,2014,11,35.080000
Kings,2014,12,16.970968
Kings,2015,1,35.658065
Kings,2015,2,19.925000
Kings,2015,3,10.306452
Kings,2015,4,9.973333
Kings,2015,5,8.683871
Kings,2015,6,9.143333
Kings,2015,7,8.719355
Kings,2015,8,11.590323
Kings,2015,9,13.140000
Kings,2015,10,17.522581
Kings,2015,11,22.326667
Kings,2015,12,22.700000
Kings,2016,1,18.990323
Kings,2016,2,25.006897
Kings,2016,3,12.261290
Kings,2016,4,8.653333
Kings,2016,5,8.596774
Kings,2016,6,9.403333
Kings,2016,7,11.187097
Kings,2016,8,14.783871
Kings,2016,9,15.503333
Kings,2016,10,13.829032
Kings,2016,11,26.936667
Kings,2016,12,23.467742
Kings,2017,1,14.403226
Kings,2017,2,11.275000
Kings,2017,3,14.951613
Kings,2017,4,8.590000
Kings,2017,5,9.851613
Kings,2017,6,9.170000
Kings,2017,7,11.912903
Kings,2017,8,16.909677
Kings,2017,9,14.800000
Kings,2017,10,22.138710
Kings,2017,11,23.513333
Kings,2017,12,53.241935
Kings,2018,1,30.319355
Kings,2018,2,21.739286
Kings,2018,3,9.645161
Kings,2018,4,8.500000
Kings,2018,5,8.151613
Kings,2018,6,10.103333
Kings,2018,7,14.087097
Kings,2018,8,25.335484
Kings,2018,9,14.830000
Kings,2018,10,15.135484
Kings,2018,11,38.223333
Kings,2018,12,22.877419
Kings,2019,1,21.061290
Kings,2019,2,7.778571
Kings,2019,3,7.712903
Kings,2019,4,8.673333
Kings,2019,5,6.922581
Kings,2019,6,9.100000
Kings,2019,7,9.190323
Kings,2019,8,10.258065
Kings,2019,9,10.026667
Kings,2019,10,17.225806
Kings,2019,11,19.820000
Kings,2019,12,0.000000
LA,2014,1,32.096774
LA,2014,2,22.071429
LA,2014,3,17.974194
LA,2014,4,19.183333
LA,2014,5,21.883871
LA,2014,6,25.856667
LA,2014,7,22.945161
LA,2014,8,20.148387
LA,2014,9,20.750000
LA,2014,10,20.941935
LA,2014,11,16.720000
LA,2014,12,20.987097
LA,2015,1,28.516129
LA,2015,2,27.900000
LA,2015,3,19.561290
LA,2015,4,18.710000
LA,2015,5,18.696774
LA,2015,6,22.733333
LA,2015,7,21.274194
LA,2015,8,21.580645
LA,2015,9,18.970000
LA,2015,10,16.367742
LA,2015,11,14.233333
LA,2015,12,18.274194
LA,2016,1,20.887097
LA,2016,2,20.431034
LA,2016,3,19.716129
LA,2016,4,15.556667
LA,2016,5,15.716129
LA,2016,6,24.690000
LA,2016,7,29.061290
LA,2016,8,22.877419
LA,2016,9,20.123333
LA,2016,10,17.116129
LA,2016,11,19.006667
LA,2016,12,21.132258
LA,2017,1,18.364516
LA,2017,2,13.685714
LA,2017,3,18.745161
LA,2017,4,14.366667
LA,2017,5,17.435484
LA,2017,6,20.033333
LA,2017,7,25.738710
LA,2017,8,23.187097
LA,2017,9,19.603333
LA,2017,10,21.848387
LA,2017,11,19.173333
LA,2017,12,33.300000
LA,2018,1,24.770968
LA,2018,2,19.692857
LA,2018,3,14.709677
LA,2018,4,19.106667
LA,2018,5,18.658065
LA,2018,6,23.066667
LA,2018,7,21.335484
LA,2018,8,22.641935
LA,2018,9,18.996667
LA,2018,10,17.303226
LA,2018,11,21.736667
LA,2018,12,21.241935
LA,2019,1,18.112903
LA,2019,2,11.257143
LA,2019,3,11.935484
LA,2019,4,14.113333
LA,2019,5,12.622581
LA,2019,6,15.826667
LA,2019,7,20.316129
LA,2019,8,15.851613
LA,2019,9,14.146667
LA,2019,10,19.803226
LA,2019,11,13.796667
LA,2019,12,0.000000
Lake,2014,1,0.348387
Lake,2014,2,0.321429
Lake,2014,3,0.574194
Lake,2014,4,0.766667
Lake,2014,5,0.509677
Lake,2014,6,0.880000
Lake,2014,7,0.564516
Lake,2014,8,1.716129
Lake,2014,9,1.130000
Lake,2014,10,0.435484
Lake,2014,11,0.436667
Lake,2014,12,0.451613
Lake,2015,1,0.445161
Lake,2015,2,0.392857
Lake,2015,3,0.519355
Lake,2015,4,0.546667
Lake,2015,5,0.603226
Lake,2015,6,0.756667
Lake,2015,7,0.496774
Lake,2015,8,2.190323
Lake,2015,9,0.510000
Lake,2015,10,0.406452
Lake,2015,11,0.340000
Lake,2015,12,0.341935
Lake,2016,1,0.300000
Lake,2016,2,0.327586
Lake,2016,3,0.419355
Lake,2016,4,0.406667
Lake,2016,5,0.554839
Lake,2016,6,0.533333
Lake,2016,7,0.503226
Lake,2016,8,0.848387
Lake,2016,9,1.046667
Lake,2016,10,0.354839
Lake,2016,11,0.340000
Lake,2016,12,0.335484
Lake,2017,1,0.551613
Lake,2017,2,0.185714
Lake,2017,3,0.158065
Lake,2017,4,0.396667
Lake,2017,5,0.551613
Lake,2017,6,0.683333
Lake,2017,7,0.625806
Lake,2017,8,1.916129
Lake,2017,9,1.783333
Lake,2017,10,3.403226
Lake,2017,11,0.576667
Lake,2017,12,0.580645
Lake,2018,1,0.454839
Lake,2018,2,0.292857
Lake,2018,3,0.261290
Lake,2018,4,0.713333
Lake,2018,5,0.441935
Lake,2018,6,0.630000
Lake,2018,7,0.509677
Lake,2018,8,5.464516
Lake,2018,9,0.826667
Lake,2018,10,0.625806
Lake,2018,11,6.790000
Lake,2018,12,0.729032
Madera,2014,1,37.083871
Madera,2014,2,15.653571
Madera,2014,3,11.167742
Madera,2014,4,10.736667
Madera,2014,5,5.209677
Madera,2014,6,6.823333
Madera,2014,7,6.887097
Madera,2014,8,8.700000
Madera,2014,9,9.333333
Madera,2014,10,11.041935
Madera,2014,11,30.733333
Madera,2014,12,14.725806
Madera,2015,1,31.664516
Madera,2015,2,17.460714
Madera,2015,3,8.558065
Madera,2015,4,6.886667
Madera,2015,5,8.251613
Madera,2015,6,11.170000
Madera,2015,7,10.990323
Madera,2015,8,11.293548
Madera,2015,9,11.490000
Madera,2015,10,11.325806
Madera,2015,11,16.923333
Madera,2015,12,19.093548
Madera,2016,1,14.993548
Madera,2016,2,18.427586
Madera,2016,3,11.245161
Madera,2016,4,8.166667
Madera,2016,5,7.000000
Madera,2016,6,6.640000
Madera,2016,7,7.703226
Madera,2016,8,9.867742
Madera,2016,9,11.283333
Madera,2016,10,9.364516
Madera,2016,11,18.490000
Madera,2016,12,21.548387
Madera,2017,1,11.829032
Madera,2017,2,9.300000
Madera,2017,3,10.241935
Madera,2017,4,5.226667
Madera,2017,5,6.383871
Madera,2017,6,4.846667
Madera,2017,7,9.425806
Madera,2017,8,14.238710
Madera,2017,9,11.433333
Madera,2017,10,14.335484
Madera,2017,11,14.100000
Madera,2017,12,33.764516
Madera,2018,1,21.190323
Madera,2018,2,16.400000
Madera,2018,3,6.683871
Madera,2018,4,6.663333
Madera,2018,5,5.564516
Madera,2018,6,7.190000
Madera,2018,7,12.980645
Madera,2018,8,21.235484
Madera,2018,9,12.483333
Madera,2018,10,10.000000
Madera,2018,11,23.630000
Madera,2018,12,17.029032
Madera,2019,1,14.132258
Madera,2019,2,5.900000
Madera,2019,3,5.896774
Madera,2019,4,7.293333
Madera,2019,5,6.009677
Madera,2019,6,8.553333
Madera,2019,7,8.325806
Madera,2019,8,8.264516
Madera,2019,9,4.993333
Madera,2019,10,0.000000
Madera,2019,11,0.000000
Madera,2019,12,0.000000
Marin,2014,1,16.200000
Marin,2014,2,9.842857
Marin,2014,3,10.435484
Marin,2014,4,11.790000
Marin,2014,5,11.293548
Marin,2014,6,10.666667
Marin,2014,7,6.951613
Marin,2014,8,9.196774
Marin,2014,9,10.153333
Marin,2014,10,7.422581
Marin,2014,11,11.570000
Marin,2014,12,12.303226
Marin,2015,1,22.022581
Marin,2015,2,13.146429
Marin,2015,3,11.306452
Marin,2015,4,6.623333
Marin,2015,5,6.574194
Marin,2015,6,6.923333
Marin,2015,7,3.983871
Marin,2015,8,4.561290
Marin,2015,9,5.866667
Marin,2015,10,6.167742
Marin,2015,11,4.836667
Marin,2015,12,9.280645
Marin,2016,1,8.354839
Marin,2016,2,8.575862
Marin,2016,3,4.254839
Marin,2016,4,5.233333
Marin,2016,5,7.012903
Marin,2016,6,6.310000
Marin,2016,7,5.274194
Marin,2016,8,4.635484
Marin,2016,9,5.900000
Marin,2016,10,5.835484
Marin,2016,11,7.730000
Marin,2016,12,7.958065
Marin,2017,1,8.748387
Marin,2017,2,7.117857
Marin,2017,3,7.125806
Marin,2017,4,7.016667
Marin,2017,5,7.612903
Marin,2017,6,7.893333
Marin,2017,7,8.570968
Marin,2017,8,11.122581
Marin,2017,9,13.833333
Marin,2017,10,17.609677
Marin,2017,11,7.940000
Marin,2017,12,13.070968
Marin,2018,1,13.300000
Marin,2018,2,7.564286
Marin,2018,3,5.722581
Marin,2018,4,8.736667
Marin,2018,5,6.809677
Marin,2018,6,9.243333
Marin,2018,7,6.587097
Marin,2018,8,12.077419
Marin,2018,9,8.193333
Marin,2018,10,7.993548
Marin,2018,11,39.113333
Marin,2018,12,7.109677
Marin,2019,1,7.219355
Marin,2019,2,3.253571
Marin,2019,3,3.438710
Marin,2019,4,6.976667
Marin,2019,5,6.229032
Marin,2019,6,6.796667
Marin,2019,7,6.796774
Marin,2019,8,5.425806
Marin,2019,9,5.606667
Marin,2019,10,5.903226
Marin,2019,11,5.740000
Marin,2019,12,0.000000
Mariposa,2014,1,9.703226
Mariposa,2014,2,8.382143
Mariposa,2014,3,8.061290
Mariposa,2014,4,7.346667
Mariposa,2014,5,8.825806
Mariposa,2014,6,8.576667
Mariposa,2014,7,13.083871
Mariposa,2014,8,10.887097
Mariposa,2014,9,14.970000
Mariposa,2014,10,7.658065
Mariposa,2014,11,5.116667
Mariposa,2014,12,4.529032
Mariposa,2015,1,5.267742
Mariposa,2015,2,5.475000
Mariposa,2015,3,5.790323
Mariposa,2015,4,6.423333
Mariposa,2015,5,8.661290
Mariposa,2015,6,7.240000
Mariposa,2015,7,6.832258
Mariposa,2015,8,9.164516
Mariposa,2015,9,25.083333
Mariposa,2015,10,4.816129
Mariposa,2015,11,5.563333
Mariposa,2015,12,2.970968
Mariposa,2016,1,3.032258
Mariposa,2016,2,6.255172
Mariposa,2016,3,4.819355
Mariposa,2016,4,4.840000
Mariposa,2016,5,6.119355
Mariposa,2016,6,4.376667
Mariposa,2016,7,5.090323
Mariposa,2016,8,14.200000
Mariposa,2016,9,18.353333
Mariposa,2016,10,13.761290
Mariposa,2016,11,9.170000
Mariposa,2016,12,6.761290
Mariposa,2017,1,6.422581
Mariposa,2017,2,5.671429
Mariposa,2017,3,7.125806
Mariposa,2017,4,7.553333
Mariposa,2017,5,7.558065
Mariposa,2017,6,5.033333
Mariposa,2017,7,17.861290
Mariposa,2017,8,22.300000
Mariposa,2017,9,27.770000
Mariposa,2017,10,23.783871
Mariposa,2017,11,12.953333
Mariposa,2017,12,9.838710
Mariposa,2018,1,4.777419
Mariposa,2018,2,9.110714
Mariposa,2018,3,9.209677
Mariposa,2018,4,5.286667
Mariposa,2018,5,4.006452
Mariposa,2018,6,8.836667
Mariposa,2018,7,81.125806
Mariposa,2018,8,61.016129
Mariposa,2018,9,7.056667
Mariposa,2018,10,9.945161
Mariposa,2018,11,12.576667
Mariposa,2018,12,4.758065
Mariposa,2019,1,8.151613
Mariposa,2019,2,7.439286
Mariposa,2019,3,7.516129
Mariposa,2019,4,4.940000
Mariposa,2019,5,7.103226
Mariposa,2019,6,5.736667
Mariposa,2019,7,6.396774
Mariposa,2019,8,8.012903
Mariposa,2019,9,10.953333
Mariposa,2019,10,23.048387
Mariposa,2019,11,4.296667
Mariposa,2019,12,0.000000
Mendocino,2014,1,11.661290
Mendocino,2014,2,6.617857
Mendocino,2014,3,6.216129
Mendocino,2014,4,5.650000
Mendocino,2014,5,5.474194
Mendocino,2014,6,8.343333
Mendocino,2014,7,7.254839
Mendocino,2014,8,12.325806
Mendocino,2014,9,10.836667
Mendocino,2014,10,8.290323
Mendocino,2014,11,14.193333
Mendocino,2014,12,12.354839
Mendocino,2015,1,14.141935
Mendocino,2015,2,7.182143
Mendocino,2015,3,7.622581
Mendocino,2015,4,9.820000
Mendocino,2015,5,6.693548
Mendocino,2015,6,9.213333
Mendocino,2015,7,7.816129
Mendocino,2015,8,15.745161
Mendocino,2015,9,7.126667
Mendocino,2015,10,6.767742
Mendocino,2015,11,11.310000
Mendocino,2015,12,10.400000
Mendocino,2016,1,6.961290
Mendocino,2016,2,6.920690
Mendocino,2016,3,5.312903
Mendocino,2016,4,5.843333
Mendocino,2016,5,5.622581
Mendocino,2016,6,6.143333
Mendocino,2016,7,7.003226
Mendocino,2016,8,8.335484
Mendocino,2016,9,9.873333
Mendocino,2016,10,5.583871
Mendocino,2016,11,7.803333
Mendocino,2016,12,11.635484
Mendocino,2017,1,9.080645
Mendocino,2017,2,6.210714
Mendocino,2017,3,6.370968
Mendocino,2017,4,6.126667
Mendocino,2017,5,5.787097
Mendocino,2017,6,5.143333
Mendocino,2017,7,7.564516
Mendocino,2017,8,17.167742
Mendocino,2017,9,14.263333
Mendocino,2017,10,17.906452
Mendocino,2017,11,10.206667
Mendocino,2017,12,18.680645
Mendocino,2018,1,9.825806
Mendocino,2018,2,10.146429
Mendocino,2018,3,6.970968
Mendocino,2018,4,7.403333
Mendocino,2018,5,5.464516
Mendocino,2018,6,4.900000
Mendocino,2018,7,9.654839
Mendocino,2018,8,22.932258
Mendocino,2018,9,9.360000
Mendocino,2018,10,7.612903
Mendocino,2018,11,41.536667
Mendocino,2018,12,11.767742
Mendocino,2019,1,10.835484
Mendocino,2019,2,6.535714
Mendocino,2019,3,5.274194
Mendocino,2019,4,4.540000
Mendocino,2019,5,4.264516
Mendocino,2019,6,5.293333
Mendocino,2019,7,5.883871
Mendocino,2019,8,4.861290
Mendocino,2019,9,4.410000
Mendocino,2019,10,6.641935
Mendocino,2019,11,4.980000
Mendocino,2019,12,0.000000
Merced,2014,1,27.890323
Merced,2014,2,9.192857
Merced,2014,3,4.096774
Merced,2014,4,5.110000
Merced,2014,5,3.958065
Merced,2014,6,5.150000
Merced,2014,7,4.648387
Merced,2014,8,8.696774
Merced,2014,9,11.046667
Merced,2014,10,9.619355
Merced,2014,11,24.396667
Merced,2014,12,13.464516
Merced,2015,1,28.903226
Merced,2015,2,18.475000
Merced,2015,3,7.967742
Merced,2015,4,6.383333
Merced,2015,5,5.961290
Merced,2015,6,7.866667
Merced,2015,7,8.193548
Merced,2015,8,11.912903
Merced,2015,9,11.493333
Merced,2015,10,11.183871
Merced,2015,11,16.413333
Merced,2015,12,16.196774
Merced,2016,1,13.906452
Merced,2016,2,16.186207
Merced,2016,3,5.329032
Merced,2016,4,6.706667
Merced,2016,5,8.996774
Merced,2016,6,8.623333
Merced,2016,7,10.083871
Merced,2016,8,13.409677
Merced,2016,9,14.376667
Merced,2016,10,11.496774
Merced,2016,11,16.186667
Merced,2016,12,20.064516
Merced,2017,1,11.370968
Merced,2017,2,9.942857
Merced,2017,3,8.751613
Merced,2017,4,7.456667
Merced,2017,5,9.193548
Merced,2017,6,8.016667
Merced,2017,7,8.835484
Merced,2017,8,15.903226
Merced,2017,9,15.866667
Merced,2017,10,15.774194
Merced,2017,11,16.223333
Merced,2017,12,33.135484
Merced,2018,1,20.348387
Merced,2018,2,16.200000
Merced,2018,3,6.525806
Merced,2018,4,6.760000
Merced,2018,5,7.564516
Merced,2018,6,8.873333
Merced,2018,7,13.516129
Merced,2018,8,24.409677
Merced,2018,9,14.353333
Merced,2018,10,12.161290
Merced,2018,11,32.086667
Merced,2018,12,19.625806
Merced,2019,1,17.090323
Merced,2019,2,8.125000
Merced,2019,3,8.535484
Merced,2019,4,6.306667
Merced,2019,5,5.390323
Merced,2019,6,6.690000
Merced,2019,7,6.883871
Merced,2019,8,6.887097
Merced,2019,9,6.220000
Merced,2019,10,10.867742
Merced,2019,11,9.603333
Merced,2019,12,0.000000
Mono,2014,1,0.329032
Mono,2014,2,0.182143
Mono,2014,3,0.329032
Mono,2014,4,0.953333
Mono,2014,5,1.148387
Mono,2014,6,1.080000
Mono,2014,7,1.477419
Mono,2014,8,1.438710
Mono,2014,9,1.430000
Mono,2014,10,0.648387
Mono,2014,11,0.216667
Mono,2014,12,0.167742
Mono,2015,1,0.161290
Mono,2015,2,0.339286
Mono,2015,3,0.609677
Mono,2015,4,0.656667
Mono,2015,5,0.632258
Mono,2015,6,1.216667
Mono,2015,7,1.083871
Mono,2015,8,2.567742
Mono,2015,9,1.890000
Mono,2015,10,0.464516
Mono,2015,11,0.206667
Mono,2015,12,0.138710
Mono,2016,1,0.200000
Mono,2016,2,0.220690
Mono,2016,3,0.380645
Mono,2016,4,0.493333
Mono,2016,5,0.687097
Mono,2016,6,0.950000
Mono,2016,7,0.945161
Mono,2016,8,2.077419
Mono,2016,9,2.070000
Mono,2016,10,0.664516
Mono,2016,11,0.363333
Mono,2016,12,0.158065
Mono,2017,1,0.087097
Mono,2017,2,0.067857
Mono,2017,3,0.235484
Mono,2017,4,0.740000
Mono,2017,5,0.812903
Mono,2017,6,1.003333
Mono,2017,7,3.225806
Mono,2017,8,3.603226
Mono,2017,9,0.410000
Mono,2017,10,1.145161
Mono,2017,11,0.246667
Mono,2017,12,0.183871
Mono,2018,1,0.070968
Mono,2018,2,0.471429
Mono,2018,3,0.251613
Mono,2018,4,3.160000
Mono,2018,5,3.445161
Mono,2018,6,6.046667
Mono,2018,7,24.996774
Mono,2018,8,43.216129
Mono,2018,9,4.700000
Mono,2018,10,6.874194
Mono,2018,11,13.583333
Mono,2018,12,16.077419
Monterey,2014,1,9.238710
Monterey,2014,2,7.346429
Monterey,2014,3,7.877419
Monterey,2014,4,8.016667
Monterey,2014,5,6.664516
Monterey,2014,6,7.993333
Monterey,2014,7,6.000000
Monterey,2014,8,5.254839
Monterey,2014,9,7.320000
Monterey,2014,10,5.329032
Monterey,2014,11,5.843333
Monterey,2014,12,5.812903
Monterey,2015,1,6.912903
Monterey,2015,2,6.767857
Monterey,2015,3,6.538710
Monterey,2015,4,7.393333
Monterey,2015,5,7.396774
Monterey,2015,6,7.850000
Monterey,2015,7,6.529032
Monterey,2015,8,10.183871
Monterey,2015,9,9.043333
Monterey,2015,10,5.935484
Monterey,2015,11,5.536667
Monterey,2015,12,5.938710
Monterey,2016,1,5.658065
Monterey,2016,2,4.996552
Monterey,2016,3,4.161290
Monterey,2016,4,6.243333
Monterey,2016,5,6.590323
Monterey,2016,6,7.216667
Monterey,2016,7,9.677419
Monterey,2016,8,21.316129
Monterey,2016,9,14.606667
Monterey,2016,10,4.429032
Monterey,2016,11,5.126667
Monterey,2016,12,6.396774
Monterey,2017,1,5.412903
Monterey,2017,2,4.917857
Monterey,2017,3,4.970968
Monterey,2017,4,5.550000
Monterey,2017,5,7.090323
Monterey,2017,6,7.913333
Monterey,2017,7,8.783871
Monterey,2017,8,9.925806
Monterey,2017,9,10.156667
Monterey,2017,10,10.548387
Monterey,2017,11,4.153333
Monterey,2017,12,8.290323
Monterey,2018,1,6.093548
Monterey,2018,2,5.292857
Monterey,2018,3,3.945161
Monterey,2018,4,7.053333
Monterey,2018,5,7.106452
Monterey,2018,6,9.490000
Monterey,2018,7,7.493548
Monterey,2018,8,13.229032
Monterey,2018,9,8.653333
Monterey,2018,10,6.874194
Monterey,2018,11,17.136667
Monterey,2018,12,6.296774
Monterey,2019,1,5.103226
Monterey,2019,2,3.235714
Monterey,2019,3,3.945161
Monterey,2019,4,6.093333
Monterey,2019,5,5.000000
Monterey,2019,6,7.676667
Monterey,2019,7,8.045161
Monterey,2019,8,6.477419
Monterey,2019,9,5.973333
Monterey,2019,10,7.170968
Monterey,2019,11,4.486667
Monterey,2019,12,0.000000
Napa,2014,1,18.667742
Napa,2014,2,10.307143
Napa,2014,3,10.987097
Napa,2014,4,11.490000
Napa,2014,5,11.674194
Napa,2014,6,13.433333
Napa,2014,7,8.332258
Napa,2014,8,8.680645
Napa,2014,9,10.166667
Napa,2014,10,8.564516
Napa,2014,11,14.736667
Napa,2014,12,13.761290
Napa,2015,1,24.077419
Napa,2015,2,13.392857
Napa,2015,3,10.706452
Napa,2015,4,10.503333
Napa,2015,5,12.206452
Napa,2015,6,13.766667
Napa,2015,7,3.619355
Napa,2015,8,7.383871
Napa,2015,9,4.880000
Napa,2015,10,4.535484
Napa,2015,11,8.406667
Napa,2015,12,12.093548
Napa,2016,1,6.980645
Napa,2016,2,7.896552
Napa,2016,3,3.654839
Napa,2016,4,5.493333
Napa,2016,5,4.893548
Napa,2016,6,5.896667
Napa,2016,7,10.445161
Napa,2016,8,9.787097
Napa,2016,9,9.016667
Napa,2016,10,6.764516
Napa,2016,11,10.733333
Napa,2016,12,15.732258
Napa,2017,1,12.851613
Napa,2017,2,9.353571
Napa,2017,3,9.283871
Napa,2017,4,8.683333
Napa,2017,5,8.764516
Napa,2017,6,9.066667
Napa,2017,7,10.648387
Napa,2017,8,13.196774
Napa,2017,9,11.880000
Napa,2017,10,36.232258
Napa,2017,11,12.786667
Napa,2017,12,19.051613
Napa,2018,1,15.816129
Napa,2018,2,12.292857
Napa,2018,3,7.983871
Napa,2018,4,9.050000
Napa,2018,5,8.306452
Napa,2018,6,9.420000
Napa,2018,7,6.622581
Napa,2018,8,12.406452
Napa,2018,9,7.320000
Napa,2018,10,5.641935
Napa,2018,11,34.250000
Napa,2018,12,7.506452
Napa,2019,1,8.422581
Napa,2019,2,3.596429
Napa,2019,3,3.438710
Napa,2019,4,5.516667
Napa,2019,5,4.722581
Napa,2019,6,7.356667
Napa,2019,7,7.351613
Napa,2019,8,5.790323
Napa,2019,9,3.746667
Napa,2019,10,5.306452
Napa,2019,11,4.876667
Napa,2019,12,0.000000
Nevada,2014,1,14.506452
Nevada,2014,2,11.700000
Nevada,2014,3,12.974194
Nevada,2014,4,12.886667
Nevada,2014,5,11.003226
Nevada,2014,6,9.703333
Nevada,2014,7,10.451613
Nevada,2014,8,11.880645
Nevada,2014,9,46.920000
Nevada,2014,10,10.474194
Nevada,2014,11,13.610000
Nevada,2014,12,12.783871
Nevada,2015,1,16.232258
Nevada,2015,2,11.071429
Nevada,2015,3,7.616129
Nevada,2015,4,11.196667
Nevada,2015,5,12.374194
Nevada,2015,6,12.110000
Nevada,2015,7,8.980645
Nevada,2015,8,13.219355
Nevada,2015,9,19.100000
Nevada,2015,10,10.922581
Nevada,2015,11,16.983333
Nevada,2015,12,11.238710
Nevada,2016,1,15.067742
Nevada,2016,2,12.475862
Nevada,2016,3,7.019355
Nevada,2016,4,8.100000
Nevada,2016,5,4.725806
Nevada,2016,6,3.683333
Nevada,2016,7,7.848387
Nevada,2016,8,9.054839
Nevada,2016,9,6.533333
Nevada,2016,10,5.903226
Nevada,2016,11,6.923333
Nevada,2016,12,11.854839
Nevada,2017,1,6.270968
Nevada,2017,2,3.203571
Nevada,2017,3,8.022581
Nevada,2017,4,5.916667
Nevada,2017,5,4.080645
Nevada,2017,6,1.316667
Nevada,2017,7,10.651613
Nevada,2017,8,16.248387
Nevada,2017,9,16.000000
Nevada,2017,10,16.387097
Nevada,2017,11,14.743333
Nevada,2017,12,16.954839
Nevada,2018,1,17.058065
Nevada,2018,2,15.467857
Nevada,2018,3,13.451613
Nevada,2018,4,12.230000
Nevada,2018,5,6.406452
Nevada,2018,6,5.786667
Nevada,2018,7,12.700000
Nevada,2018,8,21.983871
Nevada,2018,9,5.893333
Nevada,2018,10,4.796774
Nevada,2018,11,20.953333
Nevada,2018,12,10.138710
Nevada,2019,1,13.970968
Nevada,2019,2,12.653571
Nevada,2019,3,11.100000
Nevada,2019,4,11.893333
Nevada,2019,5,9.061290
Nevada,2019,6,9.240000
Nevada,2019,7,9.783871
Nevada,2019,8,9.880645
Nevada,2019,9,8.953333
Nevada,2019,10,7.361290
Nevada,2019,11,4.226667
Nevada,2019,12,0.000000
Orange,2014,1,23.638710
Orange,2014,2,16.021429
Orange,2014,3,12.916129
Orange,2014,4,14.756667
Orange,2014,5,17.277419
Orange,2014,6,18.123333
Orange,2014,7,15.661290
Orange,2014,8,14.351613
Orange,2014,9,14.286667
Orange,2014,10,17.064516
Orange,2014,11,12.570000
Orange,2014,12,17.574194
Orange,2015,1,21.825806
Orange,2015,2,21.567857
Orange,2015,3,14.400000
Orange,2015,4,13.810000
Orange,2015,5,12.551613
Orange,2015,6,15.610000
Orange,2015,7,10.858065
Orange,2015,8,15.029032
Orange,2015,9,15.613333
Orange,2015,10,14.700000
Orange,2015,11,10.370000
Orange,2015,12,13.061290
Orange,2016,1,15.216129
Orange,2016,2,12.689655
Orange,2016,3,12.951613
Orange,2016,4,11.800000
Orange,2016,5,9.587097
Orange,2016,6,14.426667
Orange,2016,7,13.803226
Orange,2016,8,12.983871
Orange,2016,9,13.073333
Orange,2016,10,10.480645
Orange,2016,11,12.220000
Orange,2016,12,14.345161
Orange,2017,1,19.151613
Orange,2017,2,11.871429
Orange,2017,3,8.145161
Orange,2017,4,12.546667
Orange,2017,5,7.619355
Orange,2017,6,10.823333
Orange,2017,7,13.022581
Orange,2017,8,14.087097
Orange,2017,9,13.523333
Orange,2017,10,11.235484
Orange,2017,11,12.810000
Orange,2017,12,15.703226
Orange,2018,1,19.151613
Orange,2018,2,11.871429
Orange,2018,3,8.145161
Orange,2018,4,12.546667
Orange,2018,5,7.619355
Orange,2018,6,10.823333
Orange,2018,7,13.022581
Orange,2018,8,14.087097
Orange,2018,9,13.523333
Orange,2018,10,11.235484
Orange,2018,11,12.810000
Orange,2018,12,15.703226
Orange,2019,1,9.077419
Orange,2019,2,5.771429
Orange,2019,3,6.274194
Orange,2019,4,7.253333
Orange,2019,5,5.883871
Orange,2019,6,8.253333
Orange,2019,7,12.932258
Orange,2019,8,10.477419
Orange,2019,9,10.203333
Orange,2019,10,10.051613
Orange,2019,11,11.273333
Orange,2019,12,0.000000
Placer,2014,1,15.735484
Placer,2014,2,9.692857
Placer,2014,3,7.641935
Placer,2014,4,8.493333
Placer,2014,5,8.574194
Placer,2014,6,10.300000
Placer,2014,7,10.361290
Placer,2014,8,12.354839
Placer,2014,9,45.310000
Placer,2014,10,10.793548
Placer,2014,11,14.860000
Placer,2014,12,11.196774
Placer,2015,1,23.325806
Placer,2015,2,13.646429
Placer,2015,3,10.345161
Placer,2015,4,9.700000
Placer,2015,5,9.580645
Placer,2015,6,10.046667
Placer,2015,7,11.270968
Placer,2015,8,14.548387
Placer,2015,9,17.216667
Placer,2015,10,9.777419
Placer,2015,11,12.603333
Placer,2015,12,14.864516
Placer,2016,1,10.422581
Placer,2016,2,12.106897
Placer,2016,3,8.603226
Placer,2016,4,9.186667
Placer,2016,5,9.161290
Placer,2016,6,10.790000
Placer,2016,7,14.300000
Placer,2016,8,14.483871
Placer,2016,9,9.633333
Placer,2016,10,7.296774
Placer,2016,11,9.643333
Placer,2016,12,13.693548
Placer,2017,1,7.770968
Placer,2017,2,7.464286
Placer,2017,3,5.409677
Placer,2017,4,4.886667
Placer,2017,5,7.409677
Placer,2017,6,8.686667
Placer,2017,7,14.419355
Placer,2017,8,14.403226
Placer,2017,9,13.810000
Placer,2017,10,10.606452
Placer,2017,11,9.243333
Placer,2017,12,13.177419
Placer,2018,1,9.987097
Placer,2018,2,7.392857
Placer,2018,3,5.045161
Placer,2018,4,6.600000
Placer,2018,5,8.258065
Placer,2018,6,9.386667
Placer,2018,7,19.016129
Placer,2018,8,30.322581
Placer,2018,9,13.016667
Placer,2018,10,9.290323
Placer,2018,11,50.656667
Placer,2018,12,14.312903
Placer,2019,1,13.641935
Placer,2019,2,6.096429
Placer,2019,3,6.183871
Placer,2019,4,7.640000
Placer,2019,5,8.335484
Placer,2019,6,9.110000
Placer,2019,7,8.761290
Placer,2019,8,8.406452
Placer,2019,9,6.406667
Placer,2019,10,9.577419
Placer,2019,11,7.286667
Placer,2019,12,0.000000
Plumas,2014,1,47.806452
Plumas,2014,2,35.796429
Plumas,2014,3,22.767742
Plumas,2014,4,19.466667
Plumas,2014,5,12.551613
Plumas,2014,6,9.360000
Plumas,2014,7,13.790323
Plumas,2014,8,15.054839
Plumas,2014,9,17.093333
Plumas,2014,10,18.674194
Plumas,2014,11,42.430000
Plumas,2014,12,41.487097
Plumas,2015,1,43.451613
Plumas,2015,2,30.692857
Plumas,2015,3,21.458065
Plumas,2015,4,15.936667
Plumas,2015,5,10.567742
Plumas,2015,6,10.066667
Plumas,2015,7,6.641935
Plumas,2015,8,10.309677
Plumas,2015,9,9.220000
Plumas,2015,10,14.509677
Plumas,2015,11,40.773333
Plumas,2015,12,35.874194
Plumas,2016,1,37.096774
Plumas,2016,2,31.289655
Plumas,2016,3,18.458065
Plumas,2016,4,12.283333
Plumas,2016,5,8.545161
Plumas,2016,6,7.300000
Plumas,2016,7,8.848387
Plumas,2016,8,9.867742
Plumas,2016,9,7.256667
Plumas,2016,10,14.709677
Plumas,2016,11,29.986667
Plumas,2016,12,35.596774
Plumas,2017,1,25.519355
Plumas,2017,2,26.964286
Plumas,2017,3,22.687097
Plumas,2017,4,12.483333
Plumas,2017,5,7.874194
Plumas,2017,6,6.210000
Plumas,2017,7,15.870968
Plumas,2017,8,29.003226
Plumas,2017,9,15.940000
Plumas,2017,10,18.177419
Plumas,2017,11,30.123333
Plumas,2017,12,37.635484
Plumas,2018,1,34.983871
Plumas,2018,2,28.825000
Plumas,2018,3,22.761290
Plumas,2018,4,14.270000
Plumas,2018,5,7.990323
Plumas,2018,6,5.446667
Plumas,2018,7,15.138710
Plumas,2018,8,21.880645
Plumas,2018,9,7.976667
Plumas,2018,10,9.916129
Plumas,2018,11,23.056667
Plumas,2018,12,25.438710
Plumas,2019,1,29.854839
Plumas,2019,2,19.800000
Plumas,2019,3,16.022581
Plumas,2019,4,10.603333
Plumas,2019,5,8.716129
Plumas,2019,6,8.103333
Plumas,2019,7,9.196774
Plumas,2019,8,8.893548
Plumas,2019,9,11.353333
Plumas,2019,10,18.054839
Plumas,2019,11,13.850000
Plumas,2019,12,0.000000
Riverside,2014,1,25.264516
Riverside,2014,2,22.635714
Riverside,2014,3,18.112903
Riverside,2014,4,17.580000
Riverside,2014,5,19.522581
Riverside,2014,6,22.950000
Riverside,2014,7,20.638710
Riverside,2014,8,19.564516
Riverside,2014,9,19.680000
Riverside,2014,10,23.225806
Riverside,2014,11,17.713333
Riverside,2014,12,21.861290
Riverside,2015,1,27.303226
Riverside,2015,2,25.557143
Riverside,2015,3,15.861290
Riverside,2015,4,18.236667
Riverside,2015,5,16.541935
Riverside,2015,6,22.796667
Riverside,2015,7,20.106452
Riverside,2015,8,22.529032
Riverside,2015,9,19.426667
Riverside,2015,10,14.903226
Riverside,2015,11,11.920000
Riverside,2015,12,16.006452
Riverside,2016,1,19.274194
Riverside,2016,2,16.262069
Riverside,2016,3,15.632258
Riverside,2016,4,13.850000
Riverside,2016,5,15.090323
Riverside,2016,6,20.150000
Riverside,2016,7,22.732258
Riverside,2016,8,19.090323
Riverside,2016,9,17.796667
Riverside,2016,10,17.712903
Riverside,2016,11,15.300000
Riverside,2016,12,20.235484
Riverside,2017,1,11.761290
Riverside,2017,2,14.678571
Riverside,2017,3,14.935484
Riverside,2017,4,14.080000
Riverside,2017,5,16.661290
Riverside,2017,6,19.846667
Riverside,2017,7,21.961290
Riverside,2017,8,20.535484
Riverside,2017,9,16.386667
Riverside,2017,10,18.348387
Riverside,2017,11,21.120000
Riverside,2017,12,22.967742
Riverside,2018,1,20.725806
Riverside,2018,2,15.789286
Riverside,2018,3,10.496774
Riverside,2018,4,17.803333
Riverside,2018,5,15.938710
Riverside,2018,6,19.496667
Riverside,2018,7,19.212903
Riverside,2018,8,19.503226
Riverside,2018,9,16.696667
Riverside,2018,10,14.325806
Riverside,2018,11,17.496667
Riverside,2018,12,21.025806
Riverside,2019,1,13.393548
Riverside,2019,2,10.539286
Riverside,2019,3,9.745161
Riverside,2019,4,11.403333
Riverside,2019,5,10.980645
Riverside,2019,6,16.276667
Riverside,2019,7,16.438710
Riverside,2019,8,13.583871
Riverside,2019,9,12.463333
Riverside,2019,10,13.651613
Riverside,2019,11,14.876667
Riverside,2019,12,0.000000
Sacramento,2014,1,21.796774
Sacramento,2014,2,11.328571
Sacramento,2014,3,9.180645
Sacramento,2014,4,10.566667
Sacramento,2014,5,10.235484
Sacramento,2014,6,10.580000
Sacramento,2014,7,12.480645
Sacramento,2014,8,11.193548
Sacramento,2014,9,13.250000
Sacramento,2014,10,10.616129
Sacramento,2014,11,15.413333
Sacramento,2014,12,11.925806
Sacramento,2015,1,31.058065
Sacramento,2015,2,16.671429
Sacramento,2015,3,11.416129
Sacramento,2015,4,9.976667
Sacramento,2015,5,11.654839
Sacramento,2015,6,13.340000
Sacramento,2015,7,12.303226
Sacramento,2015,8,15.925806
Sacramento,2015,9,14.476667
Sacramento,2015,10,12.080645
Sacramento,2015,11,17.623333
Sacramento,2015,12,15.983871
Sacramento,2016,1,12.458065
Sacramento,2016,2,14.862069
Sacramento,2016,3,7.658065
Sacramento,2016,4,8.120000
Sacramento,2016,5,9.735484
Sacramento,2016,6,9.416667
Sacramento,2016,7,9.545161
Sacramento,2016,8,11.119355
Sacramento,2016,9,12.643333
Sacramento,2016,10,9.387097
Sacramento,2016,11,16.093333
Sacramento,2016,12,25.690323
Sacramento,2017,1,15.648387
Sacramento,2017,2,13.353571
Sacramento,2017,3,10.845161
Sacramento,2017,4,7.520000
Sacramento,2017,5,8.564516
Sacramento,2017,6,9.853333
Sacramento,2017,7,12.558065
Sacramento,2017,8,16.980645
Sacramento,2017,9,16.836667
Sacramento,2017,10,16.100000
Sacramento,2017,11,14.776667
Sacramento,2017,12,29.322581
Sacramento,2018,1,19.703226
Sacramento,2018,2,15.450000
Sacramento,2018,3,8.306452
Sacramento,2018,4,9.906667
Sacramento,2018,5,9.296774
Sacramento,2018,6,13.166667
Sacramento,2018,7,12.045161
Sacramento,2018,8,24.029032
Sacramento,2018,9,11.856667
Sacramento,2018,10,9.280645
Sacramento,2018,11,68.783333
Sacramento,2018,12,16.167742
Sacramento,2019,1,16.635484
Sacramento,2019,2,5.407143
Sacramento,2019,3,5.470968
Sacramento,2019,4,6.533333
Sacramento,2019,5,6.038710
Sacramento,2019,6,7.363333
Sacramento,2019,7,7.909677
Sacramento,2019,8,6.132258
Sacramento,2019,9,5.376667
Sacramento,2019,10,10.590323
Sacramento,2019,11,10.676667
Sacramento,2019,12,0.000000
San Benito,2014,1,7.548387
San Benito,2014,2,4.582143
San Benito,2014,3,4.019355
San Benito,2014,4,5.236667
San Benito,2014,5,4.267742
San Benito,2014,6,5.553333
San Benito,2014,7,5.587097
San Benito,2014,8,4.509677
San Benito,2014,9,5.416667
San Benito,2014,10,3.412903
San Benito,2014,11,3.960000
San Benito,2014,12,2.574194
San Benito,2015,1,5.629032
San Benito,2015,2,5.228571
San Benito,2015,3,3.967742
San Benito,2015,4,3.606667
San Benito,2015,5,4.029032
San Benito,2015,6,5.160000
San Benito,2015,7,3.651613
San Benito,2015,8,5.780645
San Benito,2015,9,4.370000
San Benito,2015,10,4.319355
San Benito,2015,11,3.933333
San Benito,2015,12,3.800000
San Benito,2016,1,3.816129
San Benito,2016,2,3.806897
San Benito,2016,3,2.603226
San Benito,2016,4,3.400000
San Benito,2016,5,3.983871
San Benito,2016,6,4.173333
San Benito,2016,7,6.487097
San Benito,2016,8,8.564516
San Benito,2016,9,6.943333
San Benito,2016,10,2.783871
San Benito,2016,11,3.540000
San Benito,2016,12,3.522581
San Benito,2017,1,2.325806
San Benito,2017,2,1.964286
San Benito,2017,3,3.519355
San Benito,2017,4,3.526667
San Benito,2017,5,4.283871
San Benito,2017,6,4.560000
San Benito,2017,7,5.796774
San Benito,2017,8,7.919355
San Benito,2017,9,7.850000
San Benito,2017,10,8.758065
San Benito,2017,11,3.756667
San Benito,2017,12,7.874194
San Benito,2018,1,5.864516
San Benito,2018,2,4.060714
San Benito,2018,3,2.622581
San Benito,2018,4,5.436667
San Benito,2018,5,5.032258
San Benito,2018,6,6.990000
San Benito,2018,7,5.500000
San Benito,2018,8,13.400000
San Benito,2018,9,6.313333
San Benito,2018,10,4.987097
San Benito,2018,11,18.190000
San Benito,2018,12,5.661290
San Benito,2019,1,3.774194
San Benito,2019,2,2.764286
San Benito,2019,3,2.767742
San Benito,2019,4,5.190000
San Benito,2019,5,4.383871
San Benito,2019,6,5.480000
San Benito,2019,7,6.132258
San Benito,2019,8,5.332258
San Benito,2019,9,4.926667
San Benito,2019,10,5.241935
San Benito,2019,11,5.153333
San Benito,2019,12,0.000000
San Bernardino,2014,1,20.096774
San Bernardino,2014,2,17.746429
San Bernardino,2014,3,14.929032
San Bernardino,2014,4,14.093333
San Bernardino,2014,5,15.029032
San Bernardino,2014,6,23.556667
San Bernardino,2014,7,21.509677
San Bernardino,2014,8,21.667742
San Bernardino,2014,9,18.510000
San Bernardino,2014,10,21.454839
San Bernardino,2014,11,15.360000
San Bernardino,2014,12,16.045161
San Bernardino,2015,1,20.980645
San Bernardino,2015,2,23.942857
San Bernardino,2015,3,16.622581
San Bernardino,2015,4,15.323333
San Bernardino,2015,5,15.854839
San Bernardino,2015,6,24.420000
San Bernardino,2015,7,19.848387
San Bernardino,2015,8,21.035484
San Bernardino,2015,9,17.373333
San Bernardino,2015,10,16.570968
San Bernardino,2015,11,14.440000
San Bernardino,2015,12,17.945161
San Bernardino,2016,1,20.316129
San Bernardino,2016,2,18.624138
San Bernardino,2016,3,18.125806
San Bernardino,2016,4,15.313333
San Bernardino,2016,5,18.045161
San Bernardino,2016,6,23.706667
San Bernardino,2016,7,24.251613
San Bernardino,2016,8,24.177419
San Bernardino,2016,9,20.570000
San Bernardino,2016,10,16.812903
San Bernardino,2016,11,16.230000
San Bernardino,2016,12,21.593548
San Bernardino,2017,1,13.125806
San Bernardino,2017,2,15.032143
San Bernardino,2017,3,17.122581
San Bernardino,2017,4,15.783333
San Bernardino,2017,5,17.132258
San Bernardino,2017,6,21.220000
San Bernardino,2017,7,24.048387
San Bernardino,2017,8,23.296774
San Bernardino,2017,9,19.586667
San Bernardino,2017,10,20.261290
San Bernardino,2017,11,21.273333
San Bernardino,2017,12,20.696774
San Bernardino,2018,1,15.496774
San Bernardino,2018,2,13.117857
San Bernardino,2018,3,11.829032
San Bernardino,2018,4,13.836667
San Bernardino,2018,5,12.580645
San Bernardino,2018,6,15.080000
San Bernardino,2018,7,19.535484
San Bernardino,2018,8,16.203226
San Bernardino,2018,9,14.986667
San Bernardino,2018,10,18.045161
San Bernardino,2018,11,16.360000
San Bernardino,2018,12,0.000000
San Bernardino,2019,1,15.496774
San Bernardino,2019,2,13.117857
San Bernardino,2019,3,11.829032
San Bernardino,2019,4,13.836667
San Bernardino,2019,5,12.580645
San Bernardino,2019,6,15.080000
San Bernardino,2019,7,19.535484
San Bernardino,2019,8,16.203226
San Bernardino,2019,9,14.986667
San Bernardino,2019,10,18.045161
San Bernardino,2019,11,16.360000
San Bernardino,2019,12,0.000000
San Diego,2014,1,22.693548
San Diego,2014,2,14.650000
San Diego,2014,3,12.251613
San Diego,2014,4,12.020000
San Diego,2014,5,13.022581
San Diego,2014,6,13.350000
San Diego,2014,7,11.064516
San Diego,2014,8,10.716129
San Diego,2014,9,11.880000
San Diego,2014,10,16.264516
San Diego,2014,11,11.086667
San Diego,2014,12,13.322581
San Diego,2015,1,17.677419
San Diego,2015,2,20.935714
San Diego,2015,3,16.841935
San Diego,2015,4,14.113333
San Diego,2015,5,10.977419
San Diego,2015,6,13.440000
San Diego,2015,7,9.438710
San Diego,2015,8,15.790323
San Diego,2015,9,14.876667
San Diego,2015,10,14.138710
San Diego,2015,11,12.633333
San Diego,2015,12,18.470968
San Diego,2016,1,16.077419
San Diego,2016,2,16.627586
San Diego,2016,3,13.667742
San Diego,2016,4,13.303333
San Diego,2016,5,10.509677
San Diego,2016,6,17.270000
San Diego,2016,7,15.516129
San Diego,2016,8,15.361290
San Diego,2016,9,16.433333
San Diego,2016,10,12.919355
San Diego,2016,11,15.256667
San Diego,2016,12,18.883871
San Diego,2017,1,15.438710
San Diego,2017,2,12.521429
San Diego,2017,3,13.687097
San Diego,2017,4,11.490000
San Diego,2017,5,10.158065
San Diego,2017,6,11.513333
San Diego,2017,7,13.467742
San Diego,2017,8,16.154839
San Diego,2017,9,14.016667
San Diego,2017,10,16.958065
San Diego,2017,11,15.230000
San Diego,2017,12,20.874194
San Diego,2018,1,18.361290
San Diego,2018,2,13.746429
San Diego,2018,3,8.661290
San Diego,2018,4,13.296667
San Diego,2018,5,9.816129
San Diego,2018,6,11.936667
San Diego,2018,7,12.132258
San Diego,2018,8,15.529032
San Diego,2018,9,14.103333
San Diego,2018,10,12.580645
San Diego,2018,11,14.553333
San Diego,2018,12,16.632258
San Diego,2019,1,13.787097
San Diego,2019,2,10.107143
San Diego,2019,3,10.303226
San Diego,2019,4,11.456667
San Diego,2019,5,8.293548
San Diego,2019,6,11.066667
San Diego,2019,7,15.029032
San Diego,2019,8,13.280645
San Diego,2019,9,14.303333
San Diego,2019,10,18.312903
San Diego,2019,11,12.113333
San Diego,2019,12,0.000000
San Francisco,2014,1,13.938710
San Francisco,2014,2,5.946429
San Francisco,2014,3,7.132258
San Francisco,2014,4,7.220000
San Francisco,2014,5,6.622581
San Francisco,2014,6,9.010000
San Francisco,2014,7,4.716129
San Francisco,2014,8,5.238710
San Francisco,2014,9,8.010000
San Francisco,2014,10,6.125806
San Francisco,2014,11,9.836667
San Francisco,2014,12,6.945161
San Francisco,2015,1,19.661290
San Francisco,2015,2,10.300000
San Francisco,2015,3,8.316129
San Francisco,2015,4,6.676667
San Francisco,2015,5,6.119355
San Francisco,2015,6,5.120000
San Francisco,2015,7,2.138710
San Francisco,2015,8,5.445161
San Francisco,2015,9,5.326667
San Francisco,2015,10,5.070968
San Francisco,2015,11,6.750000
San Francisco,2015,12,8.561290
San Francisco,2016,1,9.416129
San Francisco,2016,2,9.872414
San Francisco,2016,3,5.964516
San Francisco,2016,4,9.050000
San Francisco,2016,5,8.529032
San Francisco,2016,6,6.573333
San Francisco,2016,7,4.690323
San Francisco,2016,8,5.041935
San Francisco,2016,9,5.800000
San Francisco,2016,10,4.758065
San Francisco,2016,11,9.950000
San Francisco,2016,12,7.629032
San Francisco,2017,1,8.119355
San Francisco,2017,2,6.107143
San Francisco,2017,3,6.774194
San Francisco,2017,4,6.523333
San Francisco,2017,5,7.870968
San Francisco,2017,6,8.036667
San Francisco,2017,7,7.232258
San Francisco,2017,8,8.600000
San Francisco,2017,9,14.316667
San Francisco,2017,10,13.735484
San Francisco,2017,11,9.260000
San Francisco,2017,12,17.587097
San Francisco,2018,1,14.064516
San Francisco,2018,2,9.382143
San Francisco,2018,3,6.670968
San Francisco,2018,4,5.966667
San Francisco,2018,5,3.735484
San Francisco,2018,6,7.043333
San Francisco,2018,7,6.812903
San Francisco,2018,8,11.416129
San Francisco,2018,9,10.570000
San Francisco,2018,10,7.277419
San Francisco,2018,11,43.333333
San Francisco,2018,12,9.993548
San Francisco,2019,1,9.235484
San Francisco,2019,2,4.810714
San Francisco,2019,3,5.925806
San Francisco,2019,4,8.483333
San Francisco,2019,5,6.593548
San Francisco,2019,6,8.813333
San Francisco,2019,7,7.580645
San Francisco,2019,8,6.887097
San Francisco,2019,9,5.430000
San Francisco,2019,10,9.425806
San Francisco,2019,11,6.850000
San Francisco,2019,12,0.000000
San Joaquin,2014,1,31.635484
San Joaquin,2014,2,11.457143
San Joaquin,2014,3,9.993548
San Joaquin,2014,4,9.690000
San Joaquin,2014,5,7.803226
San Joaquin,2014,6,9.366667
San Joaquin,2014,7,10.474194
San Joaquin,2014,8,11.054839
San Joaquin,2014,9,9.906667
San Joaquin,2014,10,8.696774
San Joaquin,2014,11,22.976667
San Joaquin,2014,12,14.380645
San Joaquin,2015,1,31.616129
San Joaquin,2015,2,18.060714
San Joaquin,2015,3,10.261290
San Joaquin,2015,4,8.396667
San Joaquin,2015,5,9.370968
San Joaquin,2015,6,10.803333
San Joaquin,2015,7,9.803226
San Joaquin,2015,8,15.316129
San Joaquin,2015,9,13.230000
San Joaquin,2015,10,13.429032
San Joaquin,2015,11,18.593333
San Joaquin,2015,12,18.974194
San Joaquin,2016,1,17.151613
San Joaquin,2016,2,18.217241
San Joaquin,2016,3,12.693548
San Joaquin,2016,4,12.296667
San Joaquin,2016,5,12.254839
San Joaquin,2016,6,11.830000
San Joaquin,2016,7,12.435484
San Joaquin,2016,8,13.548387
San Joaquin,2016,9,11.896667
San Joaquin,2016,10,9.038710
San Joaquin,2016,11,16.296667
San Joaquin,2016,12,22.603226
San Joaquin,2017,1,13.258065
San Joaquin,2017,2,9.300000
San Joaquin,2017,3,8.790323
San Joaquin,2017,4,7.393333
San Joaquin,2017,5,7.887097
San Joaquin,2017,6,8.400000
San Joaquin,2017,7,10.351613
San Joaquin,2017,8,15.112903
San Joaquin,2017,9,14.063333
San Joaquin,2017,10,18.193548
San Joaquin,2017,11,15.476667
San Joaquin,2017,12,32.106452
San Joaquin,2018,1,22.909677
San Joaquin,2018,2,17.442857
San Joaquin,2018,3,10.293548
San Joaquin,2018,4,11.353333
San Joaquin,2018,5,8.396774
San Joaquin,2018,6,10.043333
San Joaquin,2018,7,14.377419
San Joaquin,2018,8,23.290323
San Joaquin,2018,9,13.760000
San Joaquin,2018,10,11.993548
San Joaquin,2018,11,58.666667
San Joaquin,2018,12,20.558065
San Joaquin,2019,1,22.483871
San Joaquin,2019,2,7.985714
San Joaquin,2019,3,6.867742
San Joaquin,2019,4,7.020000
San Joaquin,2019,5,6.022581
San Joaquin,2019,6,7.110000
San Joaquin,2019,7,8.109677
San Joaquin,2019,8,7.435484
San Joaquin,2019,9,5.576667
San Joaquin,2019,10,10.880645
San Joaquin,2019,11,12.886667
San Joaquin,2019,12,0.000000
San Luis Obispo,2014,1,20.083871
San Luis Obispo,2014,2,12.646429
San Luis Obispo,2014,3,14.600000
San Luis Obispo,2014,4,17.243333
San Luis Obispo,2014,5,19.264516
San Luis Obispo,2014,6,15.303333
San Luis Obispo,2014,7,10.583871
San Luis Obispo,2014,8,9.454839
San Luis Obispo,2014,9,11.363333
San Luis Obispo,2014,10,11.096774
San Luis Obispo,2014,11,10.900000
San Luis Obispo,2014,12,9.251613
San Luis Obispo,2015,1,14.461290
San Luis Obispo,2015,2,13.210714
San Luis Obispo,2015,3,14.932258
San Luis Obispo,2015,4,15.490000
San Luis Obispo,2015,5,10.303226
San Luis Obispo,2015,6,9.486667
San Luis Obispo,2015,7,8.535484
San Luis Obispo,2015,8,11.896774
San Luis Obispo,2015,9,9.850000
San Luis Obispo,2015,10,10.354839
San Luis Obispo,2015,11,11.566667
San Luis Obispo,2015,12,12.109677
San Luis Obispo,2016,1,9.887097
San Luis Obispo,2016,2,10.758621
San Luis Obispo,2016,3,9.270968
San Luis Obispo,2016,4,11.696667
San Luis Obispo,2016,5,7.274194
San Luis Obispo,2016,6,11.603333
San Luis Obispo,2016,7,9.658065
San Luis Obispo,2016,8,12.658065
San Luis Obispo,2016,9,11.423333
San Luis Obispo,2016,10,8.525806
San Luis Obispo,2016,11,8.500000
San Luis Obispo,2016,12,10.080645
San Luis Obispo,2017,1,8.170968
San Luis Obispo,2017,2,6.253571
San Luis Obispo,2017,3,8.596774
San Luis Obispo,2017,4,13.896667
San Luis Obispo,2017,5,12.212903
San Luis Obispo,2017,6,13.190000
San Luis Obispo,2017,7,11.793548
San Luis Obispo,2017,8,10.851613
San Luis Obispo,2017,9,13.983333
San Luis Obispo,2017,10,13.990323
San Luis Obispo,2017,11,8.516667
San Luis Obispo,2017,12,17.409677
San Luis Obispo,2018,1,8.841935
San Luis Obispo,2018,2,11.367857
San Luis Obispo,2018,3,4.206452
San Luis Obispo,2018,4,10.473333
San Luis Obispo,2018,5,9.461290
San Luis Obispo,2018,6,11.810000
San Luis Obispo,2018,7,9.041935
San Luis Obispo,2018,8,16.635484
San Luis Obispo,2018,9,10.823333
San Luis Obispo,2018,10,8.919355
San Luis Obispo,2018,11,11.700000
San Luis Obispo,2018,12,9.003226
San Luis Obispo,2019,1,8.593548
San Luis Obispo,2019,2,4.889286
San Luis Obispo,2019,3,6.425806
San Luis Obispo,2019,4,9.200000
San Luis Obispo,2019,5,7.303226
San Luis Obispo,2019,6,6.686667
San Luis Obispo,2019,7,8.570968
San Luis Obispo,2019,8,6.870968
San Luis Obispo,2019,9,11.056667
San Luis Obispo,2019,10,10.580645
San Luis Obispo,2019,11,6.100000
San Luis Obispo,2019,12,0.000000
San Mateo,2014,1,14.787097
San Mateo,2014,2,5.607143
San Mateo,2014,3,6.019355
San Mateo,2014,4,6.433333
San Mateo,2014,5,5.654839
San Mateo,2014,6,7.293333
San Mateo,2014,7,5.116129
San Mateo,2014,8,6.193548
San Mateo,2014,9,9.213333
San Mateo,2014,10,5.645161
San Mateo,2014,11,7.280000
San Mateo,2014,12,4.716129
San Mateo,2015,1,14.058065
San Mateo,2015,2,7.132143
San Mateo,2015,3,5.800000
San Mateo,2015,4,4.270000
San Mateo,2015,5,3.790323
San Mateo,2015,6,4.020000
San Mateo,2015,7,1.712903
San Mateo,2015,8,6.970968
San Mateo,2015,9,3.670000
San Mateo,2015,10,6.045161
San Mateo,2015,11,5.523333
San Mateo,2015,12,4.938710
San Mateo,2016,1,6.745161
San Mateo,2016,2,4.924138
San Mateo,2016,3,3.912903
San Mateo,2016,4,8.946667
San Mateo,2016,5,10.329032
San Mateo,2016,6,11.636667
San Mateo,2016,7,10.506452
San Mateo,2016,8,11.125806
San Mateo,2016,9,8.116667
San Mateo,2016,10,5.748387
San Mateo,2016,11,7.453333
San Mateo,2016,12,7.083871
San Mateo,2017,1,6.938710
San Mateo,2017,2,5.278571
San Mateo,2017,3,6.058065
San Mateo,2017,4,5.100000
San Mateo,2017,5,5.419355
San Mateo,2017,6,6.713333
San Mateo,2017,7,9.041935
San Mateo,2017,8,11.629032
San Mateo,2017,9,13.443333
San Mateo,2017,10,13.212903
San Mateo,2017,11,6.300000
San Mateo,2017,12,15.283871
San Mateo,2018,1,12.122581
San Mateo,2018,2,6.450000
San Mateo,2018,3,3.854839
San Mateo,2018,4,8.300000
San Mateo,2018,5,6.535484
San Mateo,2018,6,8.796667
San Mateo,2018,7,7.883871
San Mateo,2018,8,12.403226
San Mateo,2018,9,8.893333
San Mateo,2018,10,5.296774
San Mateo,2018,11,34.606667
San Mateo,2018,12,8.312903
San Mateo,2019,1,9.277419
San Mateo,2019,2,4.085714
San Mateo,2019,3,5.664516
San Mateo,2019,4,7.320000
San Mateo,2019,5,5.303226
San Mateo,2019,6,6.743333
San Mateo,2019,7,6.170968
San Mateo,2019,8,7.074194
San Mateo,2019,9,4.863333
San Mateo,2019,10,7.122581
San Mateo,2019,11,6.126667
San Mateo,2019,12,0.000000
Santa Barbara,2014,1,12.809677
Santa Barbara,2014,2,9.703571
Santa Barbara,2014,3,10.216129
Santa Barbara,2014,4,9.143333
Santa Barbara,2014,5,11.454839
Santa Barbara,2014,6,11.630000
Santa Barbara,2014,7,8.964516
Santa Barbara,2014,8,9.180645
Santa Barbara,2014,9,11.203333
Santa Barbara,2014,10,10.019355
Santa Barbara,2014,11,7.416667
Santa Barbara,2014,12,7.170968
Santa Barbara,2015,1,9.587097
Santa Barbara,2015,2,11.239286
Santa Barbara,2015,3,9.803226
Santa Barbara,2015,4,10.000000
Santa Barbara,2015,5,9.064516
Santa Barbara,2015,6,10.573333
Santa Barbara,2015,7,8.725806
Santa Barbara,2015,8,13.238710
Santa Barbara,2015,9,10.490000
Santa Barbara,2015,10,9.135484
Santa Barbara,2015,11,6.636667
Santa Barbara,2015,12,6.845161
Santa Barbara,2016,1,6.506452
Santa Barbara,2016,2,6.641379
Santa Barbara,2016,3,8.212903
Santa Barbara,2016,4,8.333333
Santa Barbara,2016,5,7.032258
Santa Barbara,2016,6,10.980000
Santa Barbara,2016,7,10.435484
Santa Barbara,2016,8,11.370968
Santa Barbara,2016,9,11.830000
Santa Barbara,2016,10,6.470968
Santa Barbara,2016,11,7.556667
Santa Barbara,2016,12,7.890323
Santa Barbara,2017,1,5.725806
Santa Barbara,2017,2,5.242857
Santa Barbara,2017,3,8.554839
Santa Barbara,2017,4,9.290000
Santa Barbara,2017,5,9.522581
Santa Barbara,2017,6,9.026667
Santa Barbara,2017,7,10.448387
Santa Barbara,2017,8,9.709677
Santa Barbara,2017,9,10.416667
Santa Barbara,2017,10,11.454839
Santa Barbara,2017,11,7.030000
Santa Barbara,2017,12,46.338710
Santa Barbara,2018,1,8.835484
Santa Barbara,2018,2,9.646429
Santa Barbara,2018,3,5.319355
Santa Barbara,2018,4,9.553333
Santa Barbara,2018,5,8.009677
Santa Barbara,2018,6,10.280000
Santa Barbara,2018,7,9.735484
Santa Barbara,2018,8,15.148387
Santa Barbara,2018,9,10.476667
Santa Barbara,2018,10,8.141935
Santa Barbara,2018,11,11.356667
Santa Barbara,2018,12,6.754839
Santa Barbara,2019,1,6.670968
Santa Barbara,2019,2,4.271429
Santa Barbara,2019,3,5.416129
Santa Barbara,2019,4,8.100000
Santa Barbara,2019,5,6.925806
Santa Barbara,2019,6,7.193333
Santa Barbara,2019,7,10.490323
Santa Barbara,2019,8,8.345161
Santa Barbara,2019,9,7.660000
Santa Barbara,2019,10,9.645161
Santa Barbara,2019,11,7.490000
Santa Barbara,2019,12,0.000000
Santa Clara,2014,1,21.722581
Santa Clara,2014,2,7.282143
Santa Clara,2014,3,6.951613
Santa Clara,2014,4,8.466667
Santa Clara,2014,5,7.254839
Santa Clara,2014,6,8.596667
Santa Clara,2014,7,7.977419
Santa Clara,2014,8,7.709677
Santa Clara,2014,9,9.473333
Santa Clara,2014,10,8.041935
Santa Clara,2014,11,11.890000
Santa Clara,2014,12,7.696774
Santa Clara,2015,1,20.345161
Santa Clara,2015,2,12.075000
Santa Clara,2015,3,8.748387
Santa Clara,2015,4,7.793333
Santa Clara,2015,5,7.570968
Santa Clara,2015,6,10.493333
Santa Clara,2015,7,7.245161
Santa Clara,2015,8,12.596774
Santa Clara,2015,9,8.773333
Santa Clara,2015,10,9.006452
Santa Clara,2015,11,11.073333
Santa Clara,2015,12,10.512903
Santa Clara,2016,1,9.296774
Santa Clara,2016,2,12.103448
Santa Clara,2016,3,6.496774
Santa Clara,2016,4,7.916667
Santa Clara,2016,5,9.041935
Santa Clara,2016,6,9.690000
Santa Clara,2016,7,9.335484
Santa Clara,2016,8,9.854839
Santa Clara,2016,9,10.520000
Santa Clara,2016,10,7.374194
Santa Clara,2016,11,10.086667
Santa Clara,2016,12,11.093548
Santa Clara,2017,1,10.493548
Santa Clara,2017,2,5.657143
Santa Clara,2017,3,7.383871
Santa Clara,2017,4,6.906667
Santa Clara,2017,5,8.003226
Santa Clara,2017,6,8.950000
Santa Clara,2017,7,10.703226
Santa Clara,2017,8,13.580645
Santa Clara,2017,9,14.443333
Santa Clara,2017,10,16.332258
Santa Clara,2017,11,9.913333
Santa Clara,2017,12,21.141935
Santa Clara,2018,1,14.190323
Santa Clara,2018,2,9.671429
Santa Clara,2018,3,7.309677
Santa Clara,2018,4,9.510000
Santa Clara,2018,5,8.380645
Santa Clara,2018,6,10.003333
Santa Clara,2018,7,8.800000
Santa Clara,2018,8,16.374194
Santa Clara,2018,9,12.560000
Santa Clara,2018,10,10.838710
Santa Clara,2018,11,40.793333
Santa Clara,2018,12,12.822581
Santa Clara,2019,1,10.932258
Santa Clara,2019,2,6.103571
Santa Clara,2019,3,7.774194
Santa Clara,2019,4,9.476667
Santa Clara,2019,5,8.064516
Santa Clara,2019,6,9.816667
Santa Clara,2019,7,10.025806
Santa Clara,2019,8,9.558065
Santa Clara,2019,9,7.000000
Santa Clara,2019,10,10.287097
Santa Clara,2019,11,11.383333
Santa Clara,2019,12,0.000000
Santa Cruz,2014,1,31.232258
Santa Cruz,2014,2,10.503571
Santa Cruz,2014,3,7.180645
Santa Cruz,2014,4,7.200000
Santa Cruz,2014,5,7.335484
Santa Cruz,2014,6,6.376667
Santa Cruz,2014,7,4.077419
Santa Cruz,2014,8,3.393548
Santa Cruz,2014,9,4.490000
Santa Cruz,2014,10,3.258065
Santa Cruz,2014,11,6.196667
Santa Cruz,2014,12,5.761290
Santa Cruz,2015,1,15.300000
Santa Cruz,2015,2,6.578571
Santa Cruz,2015,3,5.506452
Santa Cruz,2015,4,5.253333
Santa Cruz,2015,5,4.822581
Santa Cruz,2015,6,5.313333
Santa Cruz,2015,7,3.112903
Santa Cruz,2015,8,6.712903
Santa Cruz,2015,9,4.753333
Santa Cruz,2015,10,5.380645
Santa Cruz,2015,11,9.670000
Santa Cruz,2015,12,8.893548
Santa Cruz,2016,1,6.667742
Santa Cruz,2016,2,7.831034
Santa Cruz,2016,3,5.632258
Santa Cruz,2016,4,6.060000
Santa Cruz,2016,5,6.087097
Santa Cruz,2016,6,6.446667
Santa Cruz,2016,7,5.122581
Santa Cruz,2016,8,4.996774
Santa Cruz,2016,9,7.183333
Santa Cruz,2016,10,3.370968
Santa Cruz,2016,11,5.816667
Santa Cruz,2016,12,9.141935
Santa Cruz,2017,1,6.216129
Santa Cruz,2017,2,4.664286
Santa Cruz,2017,3,5.225806
Santa Cruz,2017,4,5.603333
Santa Cruz,2017,5,6.148387
Santa Cruz,2017,6,6.743333
Santa Cruz,2017,7,7.319355
Santa Cruz,2017,8,7.729032
Santa Cruz,2017,9,9.656667
Santa Cruz,2017,10,14.793548
Santa Cruz,2017,11,6.483333
Santa Cruz,2017,12,11.422581
Santa Cruz,2018,1,7.096774
Santa Cruz,2018,2,6.350000
Santa Cruz,2018,3,4.235484
Santa Cruz,2018,4,6.853333
Santa Cruz,2018,5,5.280645
Santa Cruz,2018,6,7.750000
Santa Cruz,2018,7,5.912903
Santa Cruz,2018,8,11.790323
Santa Cruz,2018,9,8.066667
Santa Cruz,2018,10,8.651613
Santa Cruz,2018,11,24.726667
Santa Cruz,2018,12,8.229032
Santa Cruz,2019,1,8.080645
Santa Cruz,2019,2,5.425000
Santa Cruz,2019,3,5.519355
Santa Cruz,2019,4,7.596667
Santa Cruz,2019,5,5.661290
Santa Cruz,2019,6,7.193333
Santa Cruz,2019,7,6.416129
Santa Cruz,2019,8,5.500000
Santa Cruz,2019,9,5.696667
Santa Cruz,2019,10,7.054839
Santa Cruz,2019,11,6.006667
Santa Cruz,2019,12,0.000000
Shasta,2014,1,19.722581
Shasta,2014,2,17.817857
Shasta,2014,3,10.848387
Shasta,2014,4,12.910000
Shasta,2014,5,10.229032
Shasta,2014,6,9.870000
Shasta,2014,7,12.264516
Shasta,2014,8,14.435484
Shasta,2014,9,13.816667
Shasta,2014,10,11.780645
Shasta,2014,11,20.440000
Shasta,2014,12,17.003226
Shasta,2015,1,23.732258
Shasta,2015,2,14.721429
Shasta,2015,3,13.790323
Shasta,2015,4,13.803333
Shasta,2015,5,11.758065
Shasta,2015,6,11.656667
Shasta,2015,7,13.538710
Shasta,2015,8,20.100000
Shasta,2015,9,14.170000
Shasta,2015,10,13.754839
Shasta,2015,11,21.286667
Shasta,2015,12,21.748387
Shasta,2016,1,18.800000
Shasta,2016,2,17.603448
Shasta,2016,3,10.967742
Shasta,2016,4,9.456667
Shasta,2016,5,10.103226
Shasta,2016,6,8.456667
Shasta,2016,7,11.322581
Shasta,2016,8,14.196774
Shasta,2016,9,15.010000
Shasta,2016,10,11.770968
Shasta,2016,11,17.540000
Shasta,2016,12,20.190323
Shasta,2017,1,16.225806
Shasta,2017,2,10.753571
Shasta,2017,3,16.541935
Shasta,2017,4,13.460000
Shasta,2017,5,11.635484
Shasta,2017,6,9.816667
Shasta,2017,7,13.167742
Shasta,2017,8,25.490323
Shasta,2017,9,23.176667
Shasta,2017,10,15.087097
Shasta,2017,11,19.850000
Shasta,2017,12,23.658065
Shasta,2018,1,20.635484
Shasta,2018,2,9.503571
Shasta,2018,3,0.645161
Shasta,2018,4,1.133333
Shasta,2018,5,1.267742
Shasta,2018,6,9.066667
Shasta,2018,7,30.906452
Shasta,2018,8,52.696774
Shasta,2018,9,29.933333
Shasta,2018,10,17.403226
Shasta,2018,11,38.943333
Shasta,2018,12,21.138710
Shasta,2019,1,24.241935
Shasta,2019,2,19.307143
Shasta,2019,3,15.664516
Shasta,2019,4,13.693333
Shasta,2019,5,12.858065
Shasta,2019,6,13.003333
Shasta,2019,7,15.335484
Shasta,2019,8,5.225806
Shasta,2019,9,0.000000
Shasta,2019,10,0.000000
Shasta,2019,11,0.000000
Shasta,2019,12,0.000000
Solano,2014,1,20.854839
Solano,2014,2,7.875000
Solano,2014,3,8.564516
Solano,2014,4,9.463333
Solano,2014,5,8.848387
Solano,2014,6,11.466667
Solano,2014,7,8.216129
Solano,2014,8,9.790323
Solano,2014,9,10.806667
Solano,2014,10,9.222581
Solano,2014,11,15.333333
Solano,2014,12,14.325806
Solano,2015,1,26.470968
Solano,2015,2,14.603571
Solano,2015,3,8.635484
Solano,2015,4,6.740000
Solano,2015,5,7.538710
Solano,2015,6,8.100000
Solano,2015,7,6.774194
Solano,2015,8,12.141935
Solano,2015,9,9.950000
Solano,2015,10,9.348387
Solano,2015,11,14.103333
Solano,2015,12,14.041935
Solano,2016,1,12.845161
Solano,2016,2,12.851724
Solano,2016,3,6.906452
Solano,2016,4,7.570000
Solano,2016,5,8.629032
Solano,2016,6,10.220000
Solano,2016,7,8.793548
Solano,2016,8,10.722581
Solano,2016,9,11.253333
Solano,2016,10,8.345161
Solano,2016,11,10.916667
Solano,2016,12,16.248387
Solano,2017,1,12.590323
Solano,2017,2,10.071429
Solano,2017,3,8.006452
Solano,2017,4,7.760000
Solano,2017,5,10.387097
Solano,2017,6,9.403333
Solano,2017,7,10.419355
Solano,2017,8,12.803226
Solano,2017,9,15.376667
Solano,2017,10,25.806452
Solano,2017,11,10.673333
Solano,2017,12,21.054839
Solano,2018,1,16.045161
Solano,2018,2,11.582143
Solano,2018,3,8.293548
Solano,2018,4,9.430000
Solano,2018,5,7.541935
Solano,2018,6,10.106667
Solano,2018,7,9.225806
Solano,2018,8,17.235484
Solano,2018,9,10.490000
Solano,2018,10,7.109677
Solano,2018,11,51.976667
Solano,2018,12,12.770968
Solano,2019,1,14.170968
Solano,2019,2,6.892857
Solano,2019,3,6.570968
Solano,2019,4,8.483333
Solano,2019,5,7.448387
Solano,2019,6,9.396667
Solano,2019,7,9.193548
Solano,2019,8,8.093548
Solano,2019,9,6.696667
Solano,2019,10,8.977419
Solano,2019,11,9.136667
Solano,2019,12,0.000000
Sonoma,2014,1,8.332258
Sonoma,2014,2,5.292857
Sonoma,2014,3,5.758065
Sonoma,2014,4,6.203333
Sonoma,2014,5,7.954839
Sonoma,2014,6,10.766667
Sonoma,2014,7,7.400000
Sonoma,2014,8,7.887097
Sonoma,2014,9,11.183333
Sonoma,2014,10,4.245161
Sonoma,2014,11,7.480000
Sonoma,2014,12,7.954839
Sonoma,2015,1,16.303226
Sonoma,2015,2,7.110714
Sonoma,2015,3,3.770968
Sonoma,2015,4,4.213333
Sonoma,2015,5,5.096774
Sonoma,2015,6,5.780000
Sonoma,2015,7,4.093548
Sonoma,2015,8,7.483871
Sonoma,2015,9,4.370000
Sonoma,2015,10,4.593548
Sonoma,2015,11,6.176667
Sonoma,2015,12,7.067742
Sonoma,2016,1,5.348387
Sonoma,2016,2,6.103448
Sonoma,2016,3,3.048387
Sonoma,2016,4,4.723333
Sonoma,2016,5,4.006452
Sonoma,2016,6,4.113333
Sonoma,2016,7,2.864516
Sonoma,2016,8,0.935484
Sonoma,2016,9,4.666667
Sonoma,2016,10,3.622581
Sonoma,2016,11,6.093333
Sonoma,2016,12,9.619355
Sonoma,2017,1,8.570968
Sonoma,2017,2,6.453571
Sonoma,2017,3,4.616129
Sonoma,2017,4,5.336667
Sonoma,2017,5,5.567742
Sonoma,2017,6,5.826667
Sonoma,2017,7,6.590323
Sonoma,2017,8,8.725806
Sonoma,2017,9,11.840000
Sonoma,2017,10,14.490323
Sonoma,2017,11,6.896667
Sonoma,2017,12,12.400000
Sonoma,2018,1,9.996774
Sonoma,2018,2,6.417857
Sonoma,2018,3,4.661290
Sonoma,2018,4,5.366667
Sonoma,2018,5,4.800000
Sonoma,2018,6,4.983333
Sonoma,2018,7,4.038710
Sonoma,2018,8,8.141935
Sonoma,2018,9,4.050000
Sonoma,2018,10,1.429032
Sonoma,2018,11,38.290000
Sonoma,2018,12,7.122581
Sonoma,2019,1,7.422581
Sonoma,2019,2,3.071429
Sonoma,2019,3,3.190323
Sonoma,2019,4,5.330000
Sonoma,2019,5,5.067742
Sonoma,2019,6,6.233333
Sonoma,2019,7,6.022581
Sonoma,2019,8,5.677419
Sonoma,2019,9,4.296667
Sonoma,2019,10,5.425806
Sonoma,2019,11,3.430000
Sonoma,2019,12,0.000000
Stanislaus,2014,1,35.609677
Stanislaus,2014,2,11.775000
Stanislaus,2014,3,8.096774
Stanislaus,2014,4,7.600000
Stanislaus,2014,5,6.625806
Stanislaus,2014,6,7.206667
Stanislaus,2014,7,7.422581
Stanislaus,2014,8,9.251613
Stanislaus,2014,9,10.250000
Stanislaus,2014,10,9.187097
Stanislaus,2014,11,26.040000
Stanislaus,2014,12,13.738710
Stanislaus,2015,1,20.609677
Stanislaus,2015,2,20.382143
Stanislaus,2015,3,7.951613
Stanislaus,2015,4,5.373333
Stanislaus,2015,5,6.093548
Stanislaus,2015,6,7.776667
Stanislaus,2015,7,10.196774
Stanislaus,2015,8,15.167742
Stanislaus,2015,9,13.413333
Stanislaus,2015,10,14.532258
Stanislaus,2015,11,23.380000
Stanislaus,2015,12,22.422581
Stanislaus,2016,1,20.109677
Stanislaus,2016,2,22.055172
Stanislaus,2016,3,12.338710
Stanislaus,2016,4,8.116667
Stanislaus,2016,5,7.874194
Stanislaus,2016,6,8.276667
Stanislaus,2016,7,7.548387
Stanislaus,2016,8,9.758065
Stanislaus,2016,9,13.176667
Stanislaus,2016,10,9.967742
Stanislaus,2016,11,17.133333
Stanislaus,2016,12,23.835484
Stanislaus,2017,1,13.867742
Stanislaus,2017,2,10.392857
Stanislaus,2017,3,9.606452
Stanislaus,2017,4,6.803333
Stanislaus,2017,5,6.670968
Stanislaus,2017,6,6.036667
Stanislaus,2017,7,8.506452
Stanislaus,2017,8,14.038710
Stanislaus,2017,9,14.303333
Stanislaus,2017,10,18.809677
Stanislaus,2017,11,17.266667
Stanislaus,2017,12,39.890323
Stanislaus,2018,1,22.029032
Stanislaus,2018,2,14.521429
Stanislaus,2018,3,8.761290
Stanislaus,2018,4,8.423333
Stanislaus,2018,5,7.667742
Stanislaus,2018,6,10.633333
Stanislaus,2018,7,15.122581
Stanislaus,2018,8,24.067742
Stanislaus,2018,9,13.710000
Stanislaus,2018,10,12.335484
Stanislaus,2018,11,52.010000
Stanislaus,2018,12,20.138710
Stanislaus,2019,1,20.222581
Stanislaus,2019,2,8.982143
Stanislaus,2019,3,7.551613
Stanislaus,2019,4,7.096667
Stanislaus,2019,5,5.832258
Stanislaus,2019,6,6.926667
Stanislaus,2019,7,7.896774
Stanislaus,2019,8,8.483871
Stanislaus,2019,9,7.533333
Stanislaus,2019,10,12.164516
Stanislaus,2019,11,15.513333
Stanislaus,2019,12,0.000000
Sutter,2014,1,17.583871
Sutter,2014,2,6.685714
Sutter,2014,3,5.806452
Sutter,2014,4,7.896667
Sutter,2014,5,10.167742
Sutter,2014,6,12.810000
Sutter,2014,7,11.012903
Sutter,2014,8,12.058065
Sutter,2014,9,15.170000
Sutter,2014,10,10.980645
Sutter,2014,11,17.870000
Sutter,2014,12,14.029032
Sutter,2015,1,23.625806
Sutter,2015,2,11.421429
Sutter,2015,3,7.325806
Sutter,2015,4,5.733333
Sutter,2015,5,7.961290
Sutter,2015,6,8.113333
Sutter,2015,7,7.012903
Sutter,2015,8,10.248387
Sutter,2015,9,8.880000
Sutter,2015,10,9.835484
Sutter,2015,11,17.376667
Sutter,2015,12,14.093548
Sutter,2016,1,11.603226
Sutter,2016,2,13.134483
Sutter,2016,3,8.883871
Sutter,2016,4,8.113333
Sutter,2016,5,11.083871
Sutter,2016,6,10.550000
Sutter,2016,7,10.029032
Sutter,2016,8,14.654839
Sutter,2016,9,11.763333
Sutter,2016,10,9.477419
Sutter,2016,11,12.313333
Sutter,2016,12,16.619355
Sutter,2017,1,13.496774
Sutter,2017,2,12.210714
Sutter,2017,3,9.167742
Sutter,2017,4,4.700000
Sutter,2017,5,5.293548
Sutter,2017,6,5.813333
Sutter,2017,7,11.461290
Sutter,2017,8,13.409677
Sutter,2017,9,13.933333
Sutter,2017,10,15.506452
Sutter,2017,11,16.906667
Sutter,2017,12,25.709677
Sutter,2018,1,17.764516
Sutter,2018,2,13.521429
Sutter,2018,3,8.719355
Sutter,2018,4,9.160000
Sutter,2018,5,9.458065
Sutter,2018,6,8.573333
Sutter,2018,7,15.332258
Sutter,2018,8,27.000000
Sutter,2018,9,14.983333
Sutter,2018,10,11.764516
Sutter,2018,11,65.686667
Sutter,2018,12,15.058065
Sutter,2019,1,15.570968
Sutter,2019,2,6.825000
Sutter,2019,3,7.996774
Sutter,2019,4,8.803333
Sutter,2019,5,6.870968
Sutter,2019,6,9.406667
Sutter,2019,7,11.474194
Sutter,2019,8,11.125806
Sutter,2019,9,7.563333
Sutter,2019,10,8.396774
Sutter,2019,11,8.726667
Sutter,2019,12,0.000000
Tehama,2014,1,6.212903
Tehama,2014,2,2.207143
Tehama,2014,3,-1.106452
Tehama,2014,4,-1.036667
Tehama,2014,5,-3.009677
Tehama,2014,6,-1.416667
Tehama,2014,7,0.993548
Tehama,2014,8,2.248387
Tehama,2014,9,2.460000
Tehama,2014,10,0.629032
Tehama,2014,11,4.273333
Tehama,2014,12,3.061290
Tehama,2015,1,11.119355
Tehama,2015,2,2.003571
Tehama,2015,3,2.667742
Tehama,2015,4,1.563333
Tehama,2015,5,2.319355
Tehama,2015,6,3.770000
Tehama,2015,7,4.312903
Tehama,2015,8,11.406452
Tehama,2015,9,0.790000
Tehama,2015,10,3.041935
Tehama,2015,11,3.043333
Tehama,2015,12,4.229032
Tehama,2016,1,1.787097
Tehama,2016,2,2.068966
Tehama,2016,3,1.448387
Tehama,2016,4,3.033333
Tehama,2016,5,2.870968
Tehama,2016,6,4.010000
Tehama,2016,7,4.896774
Tehama,2016,8,8.416129
Tehama,2016,9,7.783333
Tehama,2016,10,3.300000
Tehama,2016,11,5.033333
Tehama,2016,12,6.867742
Tehama,2017,1,10.290323
Tehama,2017,2,4.910714
Tehama,2017,3,4.319355
Tehama,2017,4,5.156667
Tehama,2017,5,6.306452
Tehama,2017,6,5.330000
Tehama,2017,7,16.187097
Tehama,2017,8,32.748387
Tehama,2017,9,12.666667
Tehama,2017,10,2.393548
Tehama,2017,11,20.783333
Tehama,2017,12,5.183871
Tehama,2018,1,10.290323
Tehama,2018,2,4.910714
Tehama,2018,3,4.319355
Tehama,2018,4,5.156667
Tehama,2018,5,6.306452
Tehama,2018,6,5.330000
Tehama,2018,7,16.187097
Tehama,2018,8,32.748387
Tehama,2018,9,12.666667
Tehama,2018,10,2.393548
Tehama,2018,11,20.783333
Tehama,2018,12,5.183871
Tehama,2019,1,5.848387
Tehama,2019,2,4.067857
Tehama,2019,3,4.096774
Tehama,2019,4,4.270000
Tehama,2019,5,4.400000
Tehama,2019,6,4.896667
Tehama,2019,7,7.587097
Tehama,2019,8,6.351613
Tehama,2019,9,4.200000
Tehama,2019,10,3.167742
Tehama,2019,11,3.573333
Tehama,2019,12,0.000000
Trinity,2014,1,0.232258
Trinity,2014,2,0.417857
Trinity,2014,3,0.606452
Trinity,2014,4,0.886667
Trinity,2014,5,0.754839
Trinity,2014,6,0.526667
Trinity,2014,7,1.748387
Trinity,2014,8,3.606452
Trinity,2014,9,1.880000
Trinity,2014,10,0.948387
Trinity,2014,11,1.820000
Trinity,2014,12,0.203226
Trinity,2015,1,7.719355
Trinity,2015,2,0.589286
Trinity,2015,3,1.135484
Trinity,2015,4,4.813333
Trinity,2015,5,3.790323
Trinity,2015,6,7.276667
Trinity,2015,7,9.925806
Trinity,2015,8,106.890323
Trinity,2015,9,8.900000
Trinity,2015,10,7.803226
Trinity,2015,11,18.283333
Trinity,2015,12,17.029032
Trinity,2016,1,0.870968
Trinity,2016,2,11.858621
Trinity,2016,3,2.874194
Trinity,2016,4,0.000000
Trinity,2016,5,1.551613
Trinity,2016,6,2.000000
Trinity,2016,7,7.612903
Trinity,2016,8,10.500000
Trinity,2016,9,10.293333
Trinity,2016,10,5.861290
Trinity,2016,11,7.936667
Trinity,2016,12,15.880645
Trinity,2017,1,15.700000
Trinity,2017,2,12.457143
Trinity,2017,3,0.000000
Trinity,2017,4,0.000000
Trinity,2017,5,0.000000
Trinity,2017,6,0.726667
Trinity,2017,7,3.148387
Trinity,2017,8,34.770968
Trinity,2017,9,67.040000
Trinity,2017,10,7.525806
Trinity,2017,11,4.430000
Trinity,2017,12,22.261290
Trinity,2018,1,16.722581
Trinity,2018,2,13.475000
Trinity,2018,3,10.683871
Trinity,2018,4,8.880000
Trinity,2018,5,3.148387
Trinity,2018,6,0.776667
Trinity,2018,7,3.535484
Trinity,2018,8,39.203226
Trinity,2018,9,12.140000
Trinity,2018,10,8.064516
Trinity,2018,11,9.820000
Trinity,2018,12,12.345161
Tulare,2014,1,50.390323
Tulare,2014,2,22.003571
Tulare,2014,3,13.935484
Tulare,2014,4,14.826667
Tulare,2014,5,11.316129
Tulare,2014,6,14.053333
Tulare,2014,7,14.816129
Tulare,2014,8,13.119355
Tulare,2014,9,12.686667
Tulare,2014,10,12.825806
Tulare,2014,11,34.263333
Tulare,2014,12,17.067742
Tulare,2015,1,37.951613
Tulare,2015,2,23.346429
Tulare,2015,3,15.129032
Tulare,2015,4,13.353333
Tulare,2015,5,9.529032
Tulare,2015,6,10.456667
Tulare,2015,7,10.645161
Tulare,2015,8,19.035484
Tulare,2015,9,18.220000
Tulare,2015,10,15.358065
Tulare,2015,11,18.560000
Tulare,2015,12,18.783871
Tulare,2016,1,15.232258
Tulare,2016,2,20.955172
Tulare,2016,3,10.270968
Tulare,2016,4,11.246667
Tulare,2016,5,9.970968
Tulare,2016,6,12.853333
Tulare,2016,7,15.832258
Tulare,2016,8,16.780645
Tulare,2016,9,14.466667
Tulare,2016,10,12.464516
Tulare,2016,11,30.273333
Tulare,2016,12,25.864516
Tulare,2017,1,13.600000
Tulare,2017,2,11.653571
Tulare,2017,3,17.322581
Tulare,2017,4,11.860000
Tulare,2017,5,14.877419
Tulare,2017,6,16.733333
Tulare,2017,7,20.745161
Tulare,2017,8,18.512903
Tulare,2017,9,20.726667
Tulare,2017,10,21.325806
Tulare,2017,11,21.700000
Tulare,2017,12,49.935484
Tulare,2018,1,31.390323
Tulare,2018,2,24.928571
Tulare,2018,3,9.880645
Tulare,2018,4,13.000000
Tulare,2018,5,12.580645
Tulare,2018,6,13.763333
Tulare,2018,7,19.800000
Tulare,2018,8,27.703226
Tulare,2018,9,14.133333
Tulare,2018,10,16.612903
Tulare,2018,11,33.453333
Tulare,2018,12,22.983871
Tulare,2019,1,20.367742
Tulare,2019,2,7.496429
Tulare,2019,3,7.687097
Tulare,2019,4,11.670000
Tulare,2019,5,11.412903
Tulare,2019,6,12.726667
Tulare,2019,7,16.445161
Tulare,2019,8,12.954839
Tulare,2019,9,10.766667
Tulare,2019,10,15.570968
Tulare,2019,11,15.693333
Tulare,2019,12,0.000000
Ventura,2014,1,11.532258
Ventura,2014,2,11.182143
Ventura,2014,3,10.238710
Ventura,2014,4,11.180000
Ventura,2014,5,12.258065
Ventura,2014,6,15.670000
Ventura,2014,7,12.677419
Ventura,2014,8,12.390323
Ventura,2014,9,13.730000
Ventura,2014,10,11.851613
Ventura,2014,11,7.833333
Ventura,2014,12,9.583871
Ventura,2015,1,8.970968
Ventura,2015,2,13.217857
Ventura,2015,3,10.158065
Ventura,2015,4,11.600000
Ventura,2015,5,12.564516
Ventura,2015,6,14.183333
Ventura,2015,7,12.280645
Ventura,2015,8,16.187097
Ventura,2015,9,13.006667
Ventura,2015,10,9.880645
Ventura,2015,11,7.643333
Ventura,2015,12,9.335484
Ventura,2016,1,9.945161
Ventura,2016,2,8.375862
Ventura,2016,3,11.080645
Ventura,2016,4,10.273333
Ventura,2016,5,11.238710
Ventura,2016,6,15.980000
Ventura,2016,7,14.880645
Ventura,2016,8,14.354839
Ventura,2016,9,13.013333
Ventura,2016,10,8.851613
Ventura,2016,11,8.850000
Ventura,2016,12,11.861290
Ventura,2017,1,7.251613
Ventura,2017,2,7.300000
Ventura,2017,3,8.664516
Ventura,2017,4,9.770000
Ventura,2017,5,10.664516
Ventura,2017,6,12.760000
Ventura,2017,7,14.654839
Ventura,2017,8,15.335484
Ventura,2017,9,11.340000
Ventura,2017,10,12.548387
Ventura,2017,11,9.376667
Ventura,2017,12,84.570968
Ventura,2018,1,11.390323
Ventura,2018,2,12.132143
Ventura,2018,3,9.109677
Ventura,2018,4,13.463333
Ventura,2018,5,10.922581
Ventura,2018,6,13.543333
Ventura,2018,7,13.754839
Ventura,2018,8,18.229032
Ventura,2018,9,15.200000
Ventura,2018,10,11.290323
Ventura,2018,11,13.803333
Ventura,2018,12,8.258065
Ventura,2019,1,8.764516
Ventura,2019,2,5.178571
Ventura,2019,3,5.354839
Ventura,2019,4,8.663333
Ventura,2019,5,8.316129
Ventura,2019,6,10.710000
Ventura,2019,7,12.345161
Ventura,2019,8,9.858065
Ventura,2019,9,9.856667
Ventura,2019,10,8.935484
Ventura,2019,11,7.406667
Ventura,2019,12,0.000000
Yolo,2014,1,8.758065
Yolo,2014,2,3.632143
Yolo,2014,3,5.638710
Yolo,2014,4,7.070000
Yolo,2014,5,7.809677
Yolo,2014,6,9.770000
Yolo,2014,7,9.170968
Yolo,2014,8,10.529032
Yolo,2014,9,9.523333
Yolo,2014,10,9.448387
Yolo,2014,11,15.523333
Yolo,2014,12,14.067742
Yolo,2015,1,22.919355
Yolo,2015,2,14.614286
Yolo,2015,3,10.393548
Yolo,2015,4,6.910000
Yolo,2015,5,8.235484
Yolo,2015,6,12.243333
Yolo,2015,7,8.377419
Yolo,2015,8,12.277419
Yolo,2015,9,8.913333
Yolo,2015,10,8.987097
Yolo,2015,11,10.320000
Yolo,2015,12,11.938710
Yolo,2016,1,12.693548
Yolo,2016,2,10.793103
Yolo,2016,3,9.341935
Yolo,2016,4,9.363333
Yolo,2016,5,11.564516
Yolo,2016,6,13.040000
Yolo,2016,7,13.767742
Yolo,2016,8,10.025806
Yolo,2016,9,9.890000
Yolo,2016,10,6.093548
Yolo,2016,11,10.546667
Yolo,2016,12,11.461290
Yolo,2017,1,9.754839
Yolo,2017,2,6.710714
Yolo,2017,3,6.332258
Yolo,2017,4,6.360000
Yolo,2017,5,6.064516
Yolo,2017,6,7.133333
Yolo,2017,7,11.267742
Yolo,2017,8,15.370968
Yolo,2017,9,17.356667
Yolo,2017,10,17.167742
Yolo,2017,11,7.043333
Yolo,2017,12,14.603226
Yolo,2018,1,12.987097
Yolo,2018,2,8.317857
Yolo,2018,3,6.867742
Yolo,2018,4,9.353333
Yolo,2018,5,7.509677
Yolo,2018,6,8.750000
Yolo,2018,7,10.619355
Yolo,2018,8,19.383871
Yolo,2018,9,9.263333
Yolo,2018,10,7.583871
Yolo,2018,11,43.526667
Yolo,2018,12,10.116129
Yolo,2019,1,12.229032
Yolo,2019,2,4.632143
Yolo,2019,3,3.890323
Yolo,2019,4,5.353333
Yolo,2019,5,5.158065
Yolo,2019,6,6.840000
Yolo,2019,7,7.374194
Yolo,2019,8,6.658065
Yolo,2019,9,5.130000
Yolo,2019,10,9.777419
Yolo,2019,11,8.803333
Yolo,2019,12,0.000000
